Timestamp;Photovoltaik [MWh] Originalauflösungen;Wind Onshore [MWh] Originalauflösungen
2026-03-01 00:00:00;5.59;7481.83
2026-03-01 00:15:00;1.67;7408.77
2026-03-01 00:30:00;1.4;7276.09
2026-03-01 00:45:00;1.33;7119.38
2026-03-01 01:00:00;1.41;6901.26
2026-03-01 01:15:00;1.39;6724.54
2026-03-01 01:30:00;1.43;6587.14
2026-03-01 01:45:00;1.44;6390.69
2026-03-01 02:00:00;1.33;6233.16
2026-03-01 02:15:00;1.29;6115.08
2026-03-01 02:30:00;1.33;5969.56
2026-03-01 02:45:00;1.71;5835.58
2026-03-01 03:00:00;1.31;5673.1
2026-03-01 03:15:00;1.3;5481.32
2026-03-01 03:30:00;1.43;5309.25
2026-03-01 03:45:00;1.38;5194.99
2026-03-01 04:00:00;1.34;5083.54
2026-03-01 04:15:00;1.53;4913.2
2026-03-01 04:30:00;1.98;4778.51
2026-03-01 04:45:00;2.72;4644.75
2026-03-01 05:00:00;1.94;4571.01
2026-03-01 05:15:00;1.94;4524.19
2026-03-01 05:30:00;1.97;4403.28
2026-03-01 05:45:00;3.8;4346.93
2026-03-01 06:00:00;2.06;4351.75
2026-03-01 06:15:00;2.11;4300.89
2026-03-01 06:30:00;4.43;4308.52
2026-03-01 06:45:00;5.88;4222.76
2026-03-01 07:00:00;25.34;4088.4
2026-03-01 07:15:00;120.77;3981.54
2026-03-01 07:30:00;354.89;3860.73
2026-03-01 07:45:00;682.15;3690.12
2026-03-01 08:00:00;1112.63;3552.52
2026-03-01 08:15:00;1621.48;3348.55
2026-03-01 08:30:00;2194.69;3130.87
2026-03-01 08:45:00;2802.91;2994.39
2026-03-01 09:00:00;3425.85;2894.08
2026-03-01 09:15:00;4067.32;2846.21
2026-03-01 09:30:00;4693.0;2779.81
2026-03-01 09:45:00;5251.52;2655.63
2026-03-01 10:00:00;5846.94;2603.03
2026-03-01 10:15:00;6292.19;2562.36
2026-03-01 10:30:00;6565.68;2466.09
2026-03-01 10:45:00;6908.57;2488.4
2026-03-01 11:00:00;7237.61;2476.41
2026-03-01 11:15:00;7428.46;2552.28
2026-03-01 11:30:00;7522.42;2553.33
2026-03-01 11:45:00;7663.43;2567.28
2026-03-01 12:00:00;7612.67;2530.28
2026-03-01 12:15:00;7579.61;2457.15
2026-03-01 12:30:00;7568.22;2498.27
2026-03-01 12:45:00;7479.39;2546.35
2026-03-01 13:00:00;7497.29;2556.02
2026-03-01 13:15:00;7373.62;2583.84
2026-03-01 13:30:00;7192.67;2589.49
2026-03-01 13:45:00;7023.25;2583.86
2026-03-01 14:00:00;6860.84;2630.32
2026-03-01 14:15:00;6625.76;2656.24
2026-03-01 14:30:00;6519.06;2767.25
2026-03-01 14:45:00;6177.12;2878.98
2026-03-01 15:00:00;5700.58;2862.01
2026-03-01 15:15:00;5256.28;2788.52
2026-03-01 15:30:00;4897.78;2877.68
2026-03-01 15:45:00;4246.06;2795.43
2026-03-01 16:00:00;3683.8;2620.87
2026-03-01 16:15:00;3064.74;2579.04
2026-03-01 16:30:00;2399.28;2486.29
2026-03-01 16:45:00;1748.28;2341.8
2026-03-01 17:00:00;1121.47;2209.14
2026-03-01 17:15:00;619.06;2160.67
2026-03-01 17:30:00;274.54;2166.96
2026-03-01 17:45:00;90.55;2215.28
2026-03-01 18:00:00;28.43;2307.12
2026-03-01 18:15:00;21.69;2452.07
2026-03-01 18:30:00;27.46;2664.63
2026-03-01 18:45:00;21.86;2880.62
2026-03-01 19:00:00;9.6;3103.2
2026-03-01 19:15:00;6.95;3309.22
2026-03-01 19:30:00;4.46;3549.89
2026-03-01 19:45:00;2.21;3733.83
2026-03-01 20:00:00;2.07;3908.18
2026-03-01 20:15:00;2.47;4088.15
2026-03-01 20:30:00;3.32;4256.07
2026-03-01 20:45:00;2.08;4404.42
2026-03-01 21:00:00;2.06;4525.96
2026-03-01 21:15:00;2.1;4612.06
2026-03-01 21:30:00;2.07;4639.56
2026-03-01 21:45:00;2.04;4671.38
2026-03-01 22:00:00;2.3;4592.43
2026-03-01 22:15:00;2.38;4646.62
2026-03-01 22:30:00;1.84;4702.27
2026-03-01 22:45:00;1.6;4710.92
2026-03-01 23:00:00;1.63;4692.17
2026-03-01 23:15:00;1.64;4718.86
2026-03-01 23:30:00;1.68;4724.96
2026-03-01 23:45:00;1.66;4705.97
2026-03-02 00:00:00;1.58;4653.63
2026-03-02 00:15:00;1.47;4601.36
2026-03-02 00:30:00;1.55;4580.77
2026-03-02 00:45:00;1.63;4462.8
2026-03-02 01:00:00;1.54;4316.46
2026-03-02 01:15:00;1.53;4201.44
2026-03-02 01:30:00;1.52;4166.6
2026-03-02 01:45:00;2.03;4161.17
2026-03-02 02:00:00;1.48;4145.7
2026-03-02 02:15:00;1.38;4094.48
2026-03-02 02:30:00;1.4;4042.11
2026-03-02 02:45:00;1.4;3973.37
2026-03-02 03:00:00;1.43;3884.82
2026-03-02 03:15:00;1.48;3788.63
2026-03-02 03:30:00;1.39;3721.03
2026-03-02 03:45:00;1.4;3603.2
2026-03-02 04:00:00;1.45;3494.04
2026-03-02 04:15:00;1.34;3445.71
2026-03-02 04:30:00;1.98;3411.81
2026-03-02 04:45:00;2.07;3409.75
2026-03-02 05:00:00;1.43;3405.91
2026-03-02 05:15:00;1.34;3426.27
2026-03-02 05:30:00;1.29;3429.64
2026-03-02 05:45:00;1.6;3435.22
2026-03-02 06:00:00;1.51;3474.55
2026-03-02 06:15:00;1.68;3469.14
2026-03-02 06:30:00;3.33;3461.72
2026-03-02 06:45:00;11.46;3462.16
2026-03-02 07:00:00;72.77;3487.41
2026-03-02 07:15:00;311.62;3489.67
2026-03-02 07:30:00;763.55;3425.73
2026-03-02 07:45:00;1346.65;3319.34
2026-03-02 08:00:00;2040.43;3255.42
2026-03-02 08:15:00;2781.61;3159.65
2026-03-02 08:30:00;3570.31;3014.71
2026-03-02 08:45:00;4372.71;2804.9
2026-03-02 09:00:00;5201.49;2511.08
2026-03-02 09:15:00;5984.25;2175.17
2026-03-02 09:30:00;6739.14;1872.35
2026-03-02 09:45:00;7413.2;1636.37
2026-03-02 10:00:00;8047.49;1467.28
2026-03-02 10:15:00;8616.9;1351.14
2026-03-02 10:30:00;9164.79;1281.91
2026-03-02 10:45:00;9634.96;1238.28
2026-03-02 11:00:00;10057.49;1231.46
2026-03-02 11:15:00;10315.58;1241.49
2026-03-02 11:30:00;10537.96;1287.21
2026-03-02 11:45:00;10673.57;1277.05
2026-03-02 12:00:00;10778.67;1322.26
2026-03-02 12:15:00;10802.35;1384.95
2026-03-02 12:30:00;10695.04;1385.16
2026-03-02 12:45:00;10601.22;1401.44
2026-03-02 13:00:00;10576.25;1479.72
2026-03-02 13:15:00;10406.14;1526.87
2026-03-02 13:30:00;10180.31;1521.19
2026-03-02 13:45:00;9829.24;1505.73
2026-03-02 14:00:00;9523.48;1593.65
2026-03-02 14:15:00;9165.66;1489.11
2026-03-02 14:30:00;8808.72;1453.29
2026-03-02 14:45:00;8263.16;1487.18
2026-03-02 15:00:00;7621.3;1285.58
2026-03-02 15:15:00;6919.33;1284.38
2026-03-02 15:30:00;6153.23;1088.63
2026-03-02 15:45:00;5341.98;983.37
2026-03-02 16:00:00;4491.27;912.17
2026-03-02 16:15:00;3701.4;849.92
2026-03-02 16:30:00;2878.44;806.86
2026-03-02 16:45:00;2135.22;897.97
2026-03-02 17:00:00;1415.96;771.12
2026-03-02 17:15:00;812.45;809.17
2026-03-02 17:30:00;365.02;915.2
2026-03-02 17:45:00;127.85;1071.21
2026-03-02 18:00:00;47.23;1244.0
2026-03-02 18:15:00;32.83;1546.37
2026-03-02 18:30:00;17.01;1630.06
2026-03-02 18:45:00;18.71;1833.29
2026-03-02 19:00:00;27.97;2038.91
2026-03-02 19:15:00;9.74;2236.65
2026-03-02 19:30:00;6.46;2455.54
2026-03-02 19:45:00;6.16;2630.07
2026-03-02 20:00:00;3.51;2805.3
2026-03-02 20:15:00;2.51;2971.64
2026-03-02 20:30:00;2.61;3115.85
2026-03-02 20:45:00;2.38;3236.96
2026-03-02 21:00:00;3.42;3345.05
2026-03-02 21:15:00;2.58;3422.23
2026-03-02 21:30:00;2.33;3466.23
2026-03-02 21:45:00;2.32;3490.5
2026-03-02 22:00:00;2.52;3421.17
2026-03-02 22:15:00;2.3;3435.41
2026-03-02 22:30:00;2.27;3470.22
2026-03-02 22:45:00;2.19;3489.26
2026-03-02 23:00:00;2.16;3485.53
2026-03-02 23:15:00;2.19;3474.33
2026-03-02 23:30:00;2.3;3452.84
2026-03-02 23:45:00;4.79;3437.6
2026-03-03 00:00:00;2.3;3411.59
2026-03-03 00:15:00;2.25;3370.02
2026-03-03 00:30:00;2.2;3312.38
2026-03-03 00:45:00;2.19;3262.07
2026-03-03 01:00:00;2.28;3190.56
2026-03-03 01:15:00;2.28;3106.66
2026-03-03 01:30:00;2.31;3012.76
2026-03-03 01:45:00;2.29;2938.06
2026-03-03 02:00:00;2.31;2881.89
2026-03-03 02:15:00;2.26;2796.82
2026-03-03 02:30:00;2.26;2700.76
2026-03-03 02:45:00;2.3;2640.38
2026-03-03 03:00:00;2.29;2550.56
2026-03-03 03:15:00;2.21;2465.88
2026-03-03 03:30:00;1.52;2395.01
2026-03-03 03:45:00;1.55;2333.0
2026-03-03 04:00:00;1.55;2247.94
2026-03-03 04:15:00;1.51;2151.75
2026-03-03 04:30:00;1.56;2065.39
2026-03-03 04:45:00;1.73;2004.85
2026-03-03 05:00:00;1.95;1962.84
2026-03-03 05:15:00;1.84;1916.56
2026-03-03 05:30:00;1.87;1862.08
2026-03-03 05:45:00;2.66;1816.05
2026-03-03 06:00:00;2.81;1792.28
2026-03-03 06:15:00;3.39;1740.37
2026-03-03 06:30:00;5.59;1673.76
2026-03-03 06:45:00;22.87;1617.91
2026-03-03 07:00:00;102.4;1559.85
2026-03-03 07:15:00;376.15;1506.03
2026-03-03 07:30:00;815.07;1404.09
2026-03-03 07:45:00;1382.19;1332.42
2026-03-03 08:00:00;2108.06;1310.35
2026-03-03 08:15:00;2855.47;1295.61
2026-03-03 08:30:00;3634.22;1253.59
2026-03-03 08:45:00;4419.23;1169.56
2026-03-03 09:00:00;5210.11;1047.55
2026-03-03 09:15:00;5963.41;894.03
2026-03-03 09:30:00;6706.25;721.67
2026-03-03 09:45:00;7393.26;546.88
2026-03-03 10:00:00;7926.66;410.02
2026-03-03 10:15:00;8490.63;308.9
2026-03-03 10:30:00;8947.32;251.42
2026-03-03 10:45:00;9339.77;225.81
2026-03-03 11:00:00;9707.02;228.66
2026-03-03 11:15:00;10031.31;229.67
2026-03-03 11:30:00;10249.49;231.34
2026-03-03 11:45:00;10448.65;236.71
2026-03-03 12:00:00;10617.14;249.89
2026-03-03 12:15:00;10702.24;285.36
2026-03-03 12:30:00;10714.3;321.53
2026-03-03 12:45:00;10648.37;374.5
2026-03-03 13:00:00;10551.65;420.08
2026-03-03 13:15:00;10293.56;452.24
2026-03-03 13:30:00;10126.58;490.24
2026-03-03 13:45:00;9808.29;519.05
2026-03-03 14:00:00;9441.77;530.31
2026-03-03 14:15:00;9055.36;567.22
2026-03-03 14:30:00;8526.54;584.64
2026-03-03 14:45:00;7957.43;607.35
2026-03-03 15:00:00;7331.75;633.88
2026-03-03 15:15:00;6677.89;635.47
2026-03-03 15:30:00;5932.98;632.19
2026-03-03 15:45:00;5156.9;624.61
2026-03-03 16:00:00;4333.99;624.9
2026-03-03 16:15:00;3502.35;636.8
2026-03-03 16:30:00;2720.83;630.34
2026-03-03 16:45:00;1979.44;640.68
2026-03-03 17:00:00;1309.47;669.91
2026-03-03 17:15:00;762.67;700.15
2026-03-03 17:30:00;351.31;780.05
2026-03-03 17:45:00;109.53;896.98
2026-03-03 18:00:00;22.67;975.81
2026-03-03 18:15:00;11.54;1059.21
2026-03-03 18:30:00;10.76;1131.58
2026-03-03 18:45:00;13.36;1202.44
2026-03-03 19:00:00;10.42;1249.18
2026-03-03 19:15:00;6.88;1308.6
2026-03-03 19:30:00;5.49;1358.45
2026-03-03 19:45:00;5.54;1406.12
2026-03-03 20:00:00;5.42;1441.45
2026-03-03 20:15:00;4.76;1495.41
2026-03-03 20:30:00;4.7;1543.58
2026-03-03 20:45:00;4.76;1550.98
2026-03-03 21:00:00;4.74;1542.74
2026-03-03 21:15:00;4.99;1566.14
2026-03-03 21:30:00;4.15;1589.68
2026-03-03 21:45:00;3.83;1592.46
2026-03-03 22:00:00;3.77;1569.04
2026-03-03 22:15:00;3.31;1541.03
2026-03-03 22:30:00;2.94;1483.76
2026-03-03 22:45:00;2.17;1447.58
2026-03-03 23:00:00;2.17;1404.82
2026-03-03 23:15:00;2.07;1375.46
2026-03-03 23:30:00;2.17;1379.57
2026-03-03 23:45:00;2.18;1372.66
2026-03-04 00:00:00;1.83;1326.46
2026-03-04 00:15:00;1.42;1286.71
2026-03-04 00:30:00;1.41;1270.64
2026-03-04 00:45:00;1.35;1250.46
2026-03-04 01:00:00;1.35;1213.94
2026-03-04 01:15:00;1.34;1198.24
2026-03-04 01:30:00;1.41;1173.38
2026-03-04 01:45:00;1.4;1177.51
2026-03-04 02:00:00;1.43;1173.59
2026-03-04 02:15:00;1.41;1163.88
2026-03-04 02:30:00;1.46;1151.29
2026-03-04 02:45:00;1.45;1120.37
2026-03-04 03:00:00;1.42;1096.05
2026-03-04 03:15:00;1.39;1085.45
2026-03-04 03:30:00;1.46;1094.13
2026-03-04 03:45:00;1.48;1097.18
2026-03-04 04:00:00;1.7;1118.46
2026-03-04 04:15:00;2.2;1137.49
2026-03-04 04:30:00;2.19;1144.65
2026-03-04 04:45:00;2.27;1145.36
2026-03-04 05:00:00;2.29;1144.51
2026-03-04 05:15:00;2.29;1145.31
2026-03-04 05:30:00;2.32;1124.66
2026-03-04 05:45:00;3.81;1093.02
2026-03-04 06:00:00;4.83;1054.59
2026-03-04 06:15:00;4.99;1014.08
2026-03-04 06:30:00;9.6;1010.59
2026-03-04 06:45:00;31.56;1018.36
2026-03-04 07:00:00;121.62;999.43
2026-03-04 07:15:00;396.72;972.0
2026-03-04 07:30:00;793.73;918.63
2026-03-04 07:45:00;1282.36;882.63
2026-03-04 08:00:00;1915.84;867.49
2026-03-04 08:15:00;2582.91;846.97
2026-03-04 08:30:00;3326.33;795.92
2026-03-04 08:45:00;4060.56;735.64
2026-03-04 09:00:00;4791.03;652.27
2026-03-04 09:15:00;5499.77;547.56
2026-03-04 09:30:00;6183.81;439.24
2026-03-04 09:45:00;6854.21;348.94
2026-03-04 10:00:00;7494.26;286.32
2026-03-04 10:15:00;8022.52;260.4
2026-03-04 10:30:00;8465.74;248.76
2026-03-04 10:45:00;8863.77;248.54
2026-03-04 11:00:00;9248.03;256.13
2026-03-04 11:15:00;9600.07;261.46
2026-03-04 11:30:00;9917.93;265.47
2026-03-04 11:45:00;10179.78;272.48
2026-03-04 12:00:00;10336.11;272.24
2026-03-04 12:15:00;10479.81;267.19
2026-03-04 12:30:00;10562.56;261.81
2026-03-04 12:45:00;10527.4;259.46
2026-03-04 13:00:00;10482.12;254.16
2026-03-04 13:15:00;10331.88;249.58
2026-03-04 13:30:00;10109.76;242.34
2026-03-04 13:45:00;9848.0;232.51
2026-03-04 14:00:00;9685.29;235.71
2026-03-04 14:15:00;9321.43;228.19
2026-03-04 14:30:00;8840.83;229.34
2026-03-04 14:45:00;8288.01;230.33
2026-03-04 15:00:00;7716.45;232.08
2026-03-04 15:15:00;7045.92;233.88
2026-03-04 15:30:00;6344.17;236.97
2026-03-04 15:45:00;5587.52;239.97
2026-03-04 16:00:00;4742.86;240.26
2026-03-04 16:15:00;3884.6;242.14
2026-03-04 16:30:00;3012.62;247.74
2026-03-04 16:45:00;2197.47;263.37
2026-03-04 17:00:00;1463.46;289.36
2026-03-04 17:15:00;854.17;329.75
2026-03-04 17:30:00;404.09;388.31
2026-03-04 17:45:00;149.65;478.65
2026-03-04 18:00:00;35.47;597.4
2026-03-04 18:15:00;18.46;715.36
2026-03-04 18:30:00;19.6;846.68
2026-03-04 18:45:00;15.31;993.48
2026-03-04 19:00:00;11.3;1136.38
2026-03-04 19:15:00;4.28;1273.06
2026-03-04 19:30:00;4.19;1390.16
2026-03-04 19:45:00;3.53;1493.39
2026-03-04 20:00:00;5.1;1574.78
2026-03-04 20:15:00;3.66;1648.12
2026-03-04 20:30:00;3.59;1744.55
2026-03-04 20:45:00;5.77;1870.71
2026-03-04 21:00:00;3.98;1973.9
2026-03-04 21:15:00;2.54;2052.12
2026-03-04 21:30:00;2.71;2127.2
2026-03-04 21:45:00;2.41;2166.39
2026-03-04 22:00:00;2.9;2159.41
2026-03-04 22:15:00;4.53;2190.17
2026-03-04 22:30:00;2.66;2199.04
2026-03-04 22:45:00;2.39;2211.87
2026-03-04 23:00:00;2.29;2239.29
2026-03-04 23:15:00;2.29;2253.76
2026-03-04 23:30:00;2.26;2274.36
2026-03-04 23:45:00;2.27;2279.32
2026-03-05 00:00:00;2.27;2289.66
2026-03-05 00:15:00;2.24;2294.42
2026-03-05 00:30:00;2.24;2308.58
2026-03-05 00:45:00;2.26;2329.0
2026-03-05 01:00:00;1.61;2338.58
2026-03-05 01:15:00;1.36;2357.9
2026-03-05 01:30:00;1.43;2400.11
2026-03-05 01:45:00;1.46;2431.94
2026-03-05 02:00:00;1.44;2450.83
2026-03-05 02:15:00;1.47;2468.41
2026-03-05 02:30:00;1.47;2499.89
2026-03-05 02:45:00;1.48;2551.53
2026-03-05 03:00:00;1.46;2611.94
2026-03-05 03:15:00;1.42;2658.61
2026-03-05 03:30:00;1.43;2702.2
2026-03-05 03:45:00;1.45;2738.22
2026-03-05 04:00:00;2.17;2791.62
2026-03-05 04:15:00;2.21;2852.41
2026-03-05 04:30:00;2.17;2909.51
2026-03-05 04:45:00;2.13;2955.66
2026-03-05 05:00:00;2.2;3030.97
2026-03-05 05:15:00;2.24;3100.32
2026-03-05 05:30:00;2.19;3167.57
2026-03-05 05:45:00;2.32;3197.6
2026-03-05 06:00:00;2.35;3299.46
2026-03-05 06:15:00;2.89;3348.3
2026-03-05 06:30:00;12.26;3393.8
2026-03-05 06:45:00;35.44;3412.21
2026-03-05 07:00:00;155.3;3459.86
2026-03-05 07:15:00;488.53;3478.05
2026-03-05 07:30:00;945.52;3385.36
2026-03-05 07:45:00;1530.4;3352.06
2026-03-05 08:00:00;2229.69;3337.24
2026-03-05 08:15:00;2957.33;3295.51
2026-03-05 08:30:00;3748.29;3216.24
2026-03-05 08:45:00;4561.67;3018.74
2026-03-05 09:00:00;5408.56;2757.01
2026-03-05 09:15:00;6236.56;2452.88
2026-03-05 09:30:00;6985.56;2141.61
2026-03-05 09:45:00;7646.73;1850.96
2026-03-05 10:00:00;8148.76;1578.35
2026-03-05 10:15:00;8684.47;1343.33
2026-03-05 10:30:00;9249.34;1187.24
2026-03-05 10:45:00;9730.91;1099.87
2026-03-05 11:00:00;10148.63;1053.8
2026-03-05 11:15:00;10510.2;1033.02
2026-03-05 11:30:00;10760.58;1008.83
2026-03-05 11:45:00;10974.42;993.16
2026-03-05 12:00:00;10958.7;984.29
2026-03-05 12:15:00;11045.58;985.34
2026-03-05 12:30:00;11140.34;972.12
2026-03-05 12:45:00;11201.83;981.51
2026-03-05 13:00:00;11246.41;975.65
2026-03-05 13:15:00;11042.8;959.21
2026-03-05 13:30:00;10905.0;974.98
2026-03-05 13:45:00;10561.38;985.74
2026-03-05 14:00:00;10114.25;975.63
2026-03-05 14:15:00;9793.41;1064.03
2026-03-05 14:30:00;9240.92;1117.78
2026-03-05 14:45:00;8615.95;1143.81
2026-03-05 15:00:00;7991.11;1167.07
2026-03-05 15:15:00;7342.76;1196.82
2026-03-05 15:30:00;6591.15;1217.27
2026-03-05 15:45:00;5777.35;1258.22
2026-03-05 16:00:00;5022.92;1328.13
2026-03-05 16:15:00;4148.03;1397.98
2026-03-05 16:30:00;3237.64;1473.53
2026-03-05 16:45:00;2367.25;1564.8
2026-03-05 17:00:00;1571.66;1682.75
2026-03-05 17:15:00;932.85;1844.57
2026-03-05 17:30:00;456.65;2091.82
2026-03-05 17:45:00;177.0;2467.14
2026-03-05 18:00:00;54.86;2896.87
2026-03-05 18:15:00;24.12;3347.45
2026-03-05 18:30:00;11.95;3796.04
2026-03-05 18:45:00;9.38;4235.35
2026-03-05 19:00:00;6.68;4622.71
2026-03-05 19:15:00;3.97;4992.14
2026-03-05 19:30:00;3.4;5289.2
2026-03-05 19:45:00;3.17;5517.62
2026-03-05 20:00:00;3.08;5651.22
2026-03-05 20:15:00;3.05;5711.54
2026-03-05 20:30:00;3.05;5757.59
2026-03-05 20:45:00;3.05;5764.26
2026-03-05 21:00:00;3.06;5746.86
2026-03-05 21:15:00;3.02;5720.41
2026-03-05 21:30:00;3.08;5672.54
2026-03-05 21:45:00;2.92;5576.96
2026-03-05 22:00:00;2.54;5272.08
2026-03-05 22:15:00;2.47;5175.82
2026-03-05 22:30:00;2.14;5052.7
2026-03-05 22:45:00;1.71;4874.83
2026-03-05 23:00:00;1.64;4706.15
2026-03-05 23:15:00;1.76;4552.57
2026-03-05 23:30:00;1.7;4401.84
2026-03-05 23:45:00;1.68;4249.63
2026-03-06 00:00:00;1.69;4117.28
2026-03-06 00:15:00;1.63;4005.65
2026-03-06 00:30:00;1.84;3884.14
2026-03-06 00:45:00;1.67;3758.11
2026-03-06 01:00:00;1.55;3621.95
2026-03-06 01:15:00;1.55;3471.03
2026-03-06 01:30:00;1.74;3330.59
2026-03-06 01:45:00;2.31;3204.57
2026-03-06 02:00:00;2.28;3086.23
2026-03-06 02:15:00;2.29;2960.26
2026-03-06 02:30:00;2.29;2852.03
2026-03-06 02:45:00;2.42;2754.73
2026-03-06 03:00:00;2.27;2639.88
2026-03-06 03:15:00;2.27;2529.29
2026-03-06 03:30:00;2.35;2428.56
2026-03-06 03:45:00;2.36;2340.79
2026-03-06 04:00:00;2.32;2268.18
2026-03-06 04:15:00;2.27;2193.59
2026-03-06 04:30:00;2.3;2120.42
2026-03-06 04:45:00;2.28;2068.2
2026-03-06 05:00:00;2.38;2012.7
2026-03-06 05:15:00;2.49;1985.71
2026-03-06 05:30:00;2.46;1953.84
2026-03-06 05:45:00;2.41;1902.87
2026-03-06 06:00:00;2.61;1880.15
2026-03-06 06:15:00;4.39;1846.05
2026-03-06 06:30:00;16.07;1821.07
2026-03-06 06:45:00;53.12;1788.72
2026-03-06 07:00:00;249.79;1753.21
2026-03-06 07:15:00;629.52;1702.37
2026-03-06 07:30:00;1164.44;1634.36
2026-03-06 07:45:00;1812.73;1630.47
2026-03-06 08:00:00;2561.51;1627.39
2026-03-06 08:15:00;3370.76;1605.42
2026-03-06 08:30:00;4150.86;1527.51
2026-03-06 08:45:00;5009.86;1403.24
2026-03-06 09:00:00;5877.72;1297.87
2026-03-06 09:15:00;6707.63;1109.8
2026-03-06 09:30:00;7467.51;925.9
2026-03-06 09:45:00;8151.69;756.09
2026-03-06 10:00:00;8761.63;610.36
2026-03-06 10:15:00;9296.85;483.42
2026-03-06 10:30:00;9731.57;380.44
2026-03-06 10:45:00;10152.98;311.7
2026-03-06 11:00:00;10460.74;263.31
2026-03-06 11:15:00;10756.39;239.2
2026-03-06 11:30:00;10979.84;225.75
2026-03-06 11:45:00;11085.64;225.82
2026-03-06 12:00:00;11183.76;233.8
2026-03-06 12:15:00;11211.94;252.91
2026-03-06 12:30:00;11161.83;271.63
2026-03-06 12:45:00;11052.91;292.69
2026-03-06 13:00:00;10894.09;306.22
2026-03-06 13:15:00;10682.73;320.16
2026-03-06 13:30:00;10392.24;320.88
2026-03-06 13:45:00;10030.48;312.51
2026-03-06 14:00:00;9643.13;306.69
2026-03-06 14:15:00;9158.27;298.95
2026-03-06 14:30:00;8637.33;295.07
2026-03-06 14:45:00;8051.57;287.28
2026-03-06 15:00:00;7432.15;275.72
2026-03-06 15:15:00;6736.78;264.16
2026-03-06 15:30:00;6027.76;253.49
2026-03-06 15:45:00;5245.98;243.07
2026-03-06 16:00:00;4411.8;242.51
2026-03-06 16:15:00;3560.99;243.45
2026-03-06 16:30:00;2740.99;248.79
2026-03-06 16:45:00;1968.45;267.71
2026-03-06 17:00:00;1283.16;299.96
2026-03-06 17:15:00;748.45;336.03
2026-03-06 17:30:00;380.1;391.72
2026-03-06 17:45:00;157.26;469.84
2026-03-06 18:00:00;35.7;557.21
2026-03-06 18:15:00;23.18;658.7
2026-03-06 18:30:00;27.24;761.15
2026-03-06 18:45:00;28.52;866.38
2026-03-06 19:00:00;28.61;984.86
2026-03-06 19:15:00;17.88;1090.38
2026-03-06 19:30:00;11.02;1164.45
2026-03-06 19:45:00;6.36;1222.82
2026-03-06 20:00:00;14.29;1275.46
2026-03-06 20:15:00;4.37;1324.77
2026-03-06 20:30:00;3.9;1362.03
2026-03-06 20:45:00;2.08;1376.14
2026-03-06 21:00:00;2.81;1387.87
2026-03-06 21:15:00;3.06;1395.24
2026-03-06 21:30:00;3.57;1384.41
2026-03-06 21:45:00;3.01;1377.34
2026-03-06 22:00:00;1.75;1356.8
2026-03-06 22:15:00;1.56;1330.68
2026-03-06 22:30:00;1.81;1296.5
2026-03-06 22:45:00;1.6;1269.38
2026-03-06 23:00:00;5.98;1240.05
2026-03-06 23:15:00;1.54;1188.39
2026-03-06 23:30:00;1.47;1137.84
2026-03-06 23:45:00;1.69;1099.62
2026-03-07 00:00:00;3.05;1057.75
2026-03-07 00:15:00;1.93;1010.39
2026-03-07 00:30:00;1.62;960.66
2026-03-07 00:45:00;1.61;930.26
2026-03-07 01:00:00;1.76;911.17
2026-03-07 01:15:00;1.88;891.87
2026-03-07 01:30:00;1.64;854.95
2026-03-07 01:45:00;1.66;811.09
2026-03-07 02:00:00;1.63;761.32
2026-03-07 02:15:00;1.61;717.22
2026-03-07 02:30:00;1.66;664.18
2026-03-07 02:45:00;1.59;610.37
2026-03-07 03:00:00;1.58;568.74
2026-03-07 03:15:00;1.58;538.62
2026-03-07 03:30:00;1.87;509.33
2026-03-07 03:45:00;1.86;476.57
2026-03-07 04:00:00;1.52;458.62
2026-03-07 04:15:00;1.92;440.06
2026-03-07 04:30:00;2.24;423.95
2026-03-07 04:45:00;2.27;409.47
2026-03-07 05:00:00;2.46;398.24
2026-03-07 05:15:00;2.5;391.05
2026-03-07 05:30:00;2.56;386.23
2026-03-07 05:45:00;2.58;380.57
2026-03-07 06:00:00;2.8;377.14
2026-03-07 06:15:00;2.63;384.2
2026-03-07 06:30:00;9.04;400.68
2026-03-07 06:45:00;63.79;415.25
2026-03-07 07:00:00;296.64;423.96
2026-03-07 07:15:00;681.06;432.38
2026-03-07 07:30:00;1182.58;434.26
2026-03-07 07:45:00;1802.68;427.59
2026-03-07 08:00:00;2553.27;421.35
2026-03-07 08:15:00;3331.93;413.54
2026-03-07 08:30:00;4167.59;394.69
2026-03-07 08:45:00;5006.79;367.73
2026-03-07 09:00:00;5780.71;344.64
2026-03-07 09:15:00;6575.16;310.7
2026-03-07 09:30:00;7359.7;266.9
2026-03-07 09:45:00;8061.05;218.96
2026-03-07 10:00:00;8327.45;183.06
2026-03-07 10:15:00;8773.01;154.34
2026-03-07 10:30:00;9238.08;127.55
2026-03-07 10:45:00;9652.9;108.16
2026-03-07 11:00:00;9920.8;102.89
2026-03-07 11:15:00;10211.56;91.11
2026-03-07 11:30:00;10439.12;82.58
2026-03-07 11:45:00;10591.75;80.76
2026-03-07 12:00:00;10712.97;86.91
2026-03-07 12:15:00;10769.74;91.21
2026-03-07 12:30:00;10719.74;99.56
2026-03-07 12:45:00;10612.54;100.39
2026-03-07 13:00:00;10419.24;100.9
2026-03-07 13:15:00;10157.01;98.61
2026-03-07 13:30:00;9876.41;99.67
2026-03-07 13:45:00;9549.33;101.74
2026-03-07 14:00:00;9294.04;112.06
2026-03-07 14:15:00;8876.47;120.01
2026-03-07 14:30:00;8386.4;127.21
2026-03-07 14:45:00;7825.08;141.26
2026-03-07 15:00:00;7214.72;153.32
2026-03-07 15:15:00;6543.27;163.16
2026-03-07 15:30:00;5819.91;175.96
2026-03-07 15:45:00;5045.67;191.61
2026-03-07 16:00:00;4278.3;219.3
2026-03-07 16:15:00;3535.44;242.43
2026-03-07 16:30:00;2776.96;260.2
2026-03-07 16:45:00;2024.2;276.4
2026-03-07 17:00:00;1374.44;312.23
2026-03-07 17:15:00;835.95;349.26
2026-03-07 17:30:00;439.55;400.13
2026-03-07 17:45:00;176.89;461.06
2026-03-07 18:00:00;42.34;536.59
2026-03-07 18:15:00;24.61;615.86
2026-03-07 18:30:00;33.96;707.95
2026-03-07 18:45:00;30.34;795.78
2026-03-07 19:00:00;19.27;869.9
2026-03-07 19:15:00;14.71;932.01
2026-03-07 19:30:00;7.85;993.02
2026-03-07 19:45:00;7.73;1058.75
2026-03-07 20:00:00;15.82;1120.41
2026-03-07 20:15:00;6.28;1168.34
2026-03-07 20:30:00;4.63;1221.02
2026-03-07 20:45:00;3.61;1254.93
2026-03-07 21:00:00;6.19;1286.18
2026-03-07 21:15:00;5.74;1297.17
2026-03-07 21:30:00;3.52;1285.64
2026-03-07 21:45:00;2.89;1272.28
2026-03-07 22:00:00;3.78;1245.43
2026-03-07 22:15:00;4.74;1224.26
2026-03-07 22:30:00;9.3;1191.6
2026-03-07 22:45:00;2.48;1163.32
2026-03-07 23:00:00;6.22;1126.51
2026-03-07 23:15:00;6.87;1086.06
2026-03-07 23:30:00;2.64;1048.34
2026-03-07 23:45:00;2.29;1016.56
2026-03-08 00:00:00;3.98;1012.59
2026-03-08 00:15:00;2.96;990.44
2026-03-08 00:30:00;1.71;982.77
2026-03-08 00:45:00;1.62;977.28
2026-03-08 01:00:00;1.78;961.19
2026-03-08 01:15:00;1.55;964.89
2026-03-08 01:30:00;1.56;964.03
2026-03-08 01:45:00;1.57;970.32
2026-03-08 02:00:00;1.55;959.98
2026-03-08 02:15:00;1.45;925.87
2026-03-08 02:30:00;1.45;878.63
2026-03-08 02:45:00;1.5;851.82
2026-03-08 03:00:00;1.52;816.27
2026-03-08 03:15:00;2.29;786.26
2026-03-08 03:30:00;2.3;745.94
2026-03-08 03:45:00;2.71;726.81
2026-03-08 04:00:00;3.59;727.92
2026-03-08 04:15:00;5.15;721.39
2026-03-08 04:30:00;6.27;719.9
2026-03-08 04:45:00;6.06;728.28
2026-03-08 05:00:00;2.86;729.08
2026-03-08 05:15:00;2.22;733.18
2026-03-08 05:30:00;2.93;740.03
2026-03-08 05:45:00;3.33;727.35
2026-03-08 06:00:00;2.7;734.45
2026-03-08 06:15:00;3.4;734.05
2026-03-08 06:30:00;5.89;740.0
2026-03-08 06:45:00;44.8;770.74
2026-03-08 07:00:00;232.26;820.28
2026-03-08 07:15:00;550.76;880.31
2026-03-08 07:30:00;976.58;928.76
2026-03-08 07:45:00;1498.84;950.62
2026-03-08 08:00:00;2090.34;982.01
2026-03-08 08:15:00;2741.81;1008.4
2026-03-08 08:30:00;3439.7;1037.67
2026-03-08 08:45:00;4181.6;1054.53
2026-03-08 09:00:00;4954.17;1052.47
2026-03-08 09:15:00;5695.52;1009.42
2026-03-08 09:30:00;6383.79;961.41
2026-03-08 09:45:00;7057.33;878.76
2026-03-08 10:00:00;7568.83;808.47
2026-03-08 10:15:00;8084.09;731.93
2026-03-08 10:30:00;8605.33;647.86
2026-03-08 10:45:00;8968.38;546.09
2026-03-08 11:00:00;9305.53;506.78
2026-03-08 11:15:00;9609.1;473.05
2026-03-08 11:30:00;9819.36;442.54
2026-03-08 11:45:00;9922.37;429.73
2026-03-08 12:00:00;10051.17;431.78
2026-03-08 12:15:00;10049.3;444.46
2026-03-08 12:30:00;9989.85;461.33
2026-03-08 12:45:00;9896.37;487.33
2026-03-08 13:00:00;9531.44;477.5
2026-03-08 13:15:00;9184.23;468.49
2026-03-08 13:30:00;8940.22;485.65
2026-03-08 13:45:00;8673.4;523.96
2026-03-08 14:00:00;8457.12;591.68
2026-03-08 14:15:00;8129.59;644.29
2026-03-08 14:30:00;7761.47;679.2
2026-03-08 14:45:00;7358.95;739.7
2026-03-08 15:00:00;6930.35;841.07
2026-03-08 15:15:00;6371.99;916.64
2026-03-08 15:30:00;5711.67;927.76
2026-03-08 15:45:00;5029.53;976.56
2026-03-08 16:00:00;4277.89;1033.4
2026-03-08 16:15:00;3508.78;1068.29
2026-03-08 16:30:00;2779.82;1115.39
2026-03-08 16:45:00;2095.52;1156.56
2026-03-08 17:00:00;1471.06;1245.03
2026-03-08 17:15:00;944.76;1395.0
2026-03-08 17:30:00;526.59;1590.75
2026-03-08 17:45:00;228.69;1851.62
2026-03-08 18:00:00;54.98;2126.01
2026-03-08 18:15:00;21.48;2391.91
2026-03-08 18:30:00;17.53;2633.38
2026-03-08 18:45:00;17.03;2856.11
2026-03-08 19:00:00;10.35;3070.55
2026-03-08 19:15:00;6.45;3249.85
2026-03-08 19:30:00;7.46;3402.61
2026-03-08 19:45:00;3.3;3518.32
2026-03-08 20:00:00;2.85;3597.78
2026-03-08 20:15:00;2.73;3652.35
2026-03-08 20:30:00;2.48;3705.8
2026-03-08 20:45:00;2.44;3746.21
2026-03-08 21:00:00;1.98;3787.92
2026-03-08 21:15:00;1.71;3797.96
2026-03-08 21:30:00;1.67;3804.84
2026-03-08 21:45:00;1.67;3805.75
2026-03-08 22:00:00;1.69;3698.91
2026-03-08 22:15:00;1.64;3669.09
2026-03-08 22:30:00;1.69;3600.44
2026-03-08 22:45:00;1.69;3534.31
2026-03-08 23:00:00;1.66;3472.34
2026-03-08 23:15:00;1.98;3419.86
2026-03-08 23:30:00;1.71;3350.57
2026-03-08 23:45:00;1.77;3248.62
2026-03-09 00:00:00;1.71;3134.65
2026-03-09 00:15:00;1.58;3020.62
2026-03-09 00:30:00;1.6;2918.43
2026-03-09 00:45:00;1.62;2826.11
2026-03-09 01:00:00;1.65;2743.68
2026-03-09 01:15:00;1.64;2660.01
2026-03-09 01:30:00;1.68;2595.49
2026-03-09 01:45:00;1.65;2498.99
2026-03-09 02:00:00;1.53;2391.47
2026-03-09 02:15:00;1.51;2279.37
2026-03-09 02:30:00;1.59;2181.32
2026-03-09 02:45:00;1.5;2094.28
2026-03-09 03:00:00;1.53;2022.05
2026-03-09 03:15:00;1.48;1958.46
2026-03-09 03:30:00;1.58;1884.43
2026-03-09 03:45:00;1.72;1817.45
2026-03-09 04:00:00;1.72;1779.82
2026-03-09 04:15:00;2.4;1748.13
2026-03-09 04:30:00;2.41;1701.86
2026-03-09 04:45:00;2.49;1684.6
2026-03-09 05:00:00;2.49;1667.74
2026-03-09 05:15:00;2.5;1644.89
2026-03-09 05:30:00;2.65;1611.63
2026-03-09 05:45:00;3.38;1589.47
2026-03-09 06:00:00;2.83;1560.61
2026-03-09 06:15:00;3.35;1513.25
2026-03-09 06:30:00;18.55;1472.41
2026-03-09 06:45:00;88.74;1420.63
2026-03-09 07:00:00;319.69;1391.76
2026-03-09 07:15:00;680.97;1334.19
2026-03-09 07:30:00;1125.57;1289.25
2026-03-09 07:45:00;1666.34;1253.87
2026-03-09 08:00:00;2331.6;1229.91
2026-03-09 08:15:00;3047.51;1172.19
2026-03-09 08:30:00;3817.28;1082.03
2026-03-09 08:45:00;4598.93;980.43
2026-03-09 09:00:00;5353.38;832.39
2026-03-09 09:15:00;6066.13;678.21
2026-03-09 09:30:00;6759.02;574.21
2026-03-09 09:45:00;7414.11;491.69
2026-03-09 10:00:00;8002.25;413.21
2026-03-09 10:15:00;8559.75;347.47
2026-03-09 10:30:00;9048.68;299.19
2026-03-09 10:45:00;9319.15;258.94
2026-03-09 11:00:00;9548.0;242.58
2026-03-09 11:15:00;9810.58;232.65
2026-03-09 11:30:00;10028.49;226.1
2026-03-09 11:45:00;10131.97;226.35
2026-03-09 12:00:00;10201.31;237.7
2026-03-09 12:15:00;10233.89;254.5
2026-03-09 12:30:00;10187.66;266.9
2026-03-09 12:45:00;10088.82;272.01
2026-03-09 13:00:00;9918.92;281.66
2026-03-09 13:15:00;9688.37;299.49
2026-03-09 13:30:00;9383.7;323.45
2026-03-09 13:45:00;9029.98;344.46
2026-03-09 14:00:00;8596.49;351.35
2026-03-09 14:15:00;8130.84;354.1
2026-03-09 14:30:00;7676.07;350.65
2026-03-09 14:45:00;7158.16;352.17
2026-03-09 15:00:00;6581.55;352.34
2026-03-09 15:15:00;5941.22;365.84
2026-03-09 15:30:00;5286.04;362.55
2026-03-09 15:45:00;4624.9;355.58
2026-03-09 16:00:00;3935.99;356.68
2026-03-09 16:15:00;3260.02;361.74
2026-03-09 16:30:00;2575.93;341.99
2026-03-09 16:45:00;1915.47;335.92
2026-03-09 17:00:00;1340.29;331.26
2026-03-09 17:15:00;870.03;332.42
2026-03-09 17:30:00;497.35;360.22
2026-03-09 17:45:00;232.96;397.31
2026-03-09 18:00:00;80.53;428.85
2026-03-09 18:15:00;38.48;473.13
2026-03-09 18:30:00;28.78;520.61
2026-03-09 18:45:00;25.94;575.11
2026-03-09 19:00:00;18.11;627.31
2026-03-09 19:15:00;15.81;652.21
2026-03-09 19:30:00;13.05;665.75
2026-03-09 19:45:00;7.5;682.28
2026-03-09 20:00:00;9.42;689.85
2026-03-09 20:15:00;7.34;696.12
2026-03-09 20:30:00;2.91;707.35
2026-03-09 20:45:00;2.69;711.94
2026-03-09 21:00:00;2.85;712.3
2026-03-09 21:15:00;2.64;718.46
2026-03-09 21:30:00;2.54;719.24
2026-03-09 21:45:00;2.42;726.04
2026-03-09 22:00:00;2.58;721.45
2026-03-09 22:15:00;2.32;723.71
2026-03-09 22:30:00;2.4;731.22
2026-03-09 22:45:00;2.39;725.66
2026-03-09 23:00:00;2.4;721.24
2026-03-09 23:15:00;2.36;719.13
2026-03-09 23:30:00;2.06;714.61
2026-03-09 23:45:00;1.62;705.41
2026-03-10 00:00:00;2.89;701.89
2026-03-10 00:15:00;1.57;701.58
2026-03-10 00:30:00;1.78;699.54
2026-03-10 00:45:00;1.76;684.35
2026-03-10 01:00:00;2.81;679.74
2026-03-10 01:15:00;1.71;670.39
2026-03-10 01:30:00;1.69;675.95
2026-03-10 01:45:00;1.63;677.21
2026-03-10 02:00:00;1.62;684.62
2026-03-10 02:15:00;1.62;686.66
2026-03-10 02:30:00;1.76;681.35
2026-03-10 02:45:00;1.71;673.98
2026-03-10 03:00:00;1.7;669.85
2026-03-10 03:15:00;1.7;668.34
2026-03-10 03:30:00;1.74;663.86
2026-03-10 03:45:00;1.73;675.56
2026-03-10 04:00:00;1.74;690.17
2026-03-10 04:15:00;2.32;687.73
2026-03-10 04:30:00;2.57;682.49
2026-03-10 04:45:00;2.56;683.75
2026-03-10 05:00:00;2.5;701.45
2026-03-10 05:15:00;2.52;723.34
2026-03-10 05:30:00;2.5;757.96
2026-03-10 05:45:00;2.49;768.54
2026-03-10 06:00:00;2.59;779.62
2026-03-10 06:15:00;3.89;760.2
2026-03-10 06:30:00;11.27;738.37
2026-03-10 06:45:00;75.75;732.18
2026-03-10 07:00:00;312.11;726.63
2026-03-10 07:15:00;666.91;717.45
2026-03-10 07:30:00;1127.51;712.89
2026-03-10 07:45:00;1682.76;743.89
2026-03-10 08:00:00;2334.81;756.29
2026-03-10 08:15:00;3039.9;744.09
2026-03-10 08:30:00;3772.21;741.09
2026-03-10 08:45:00;4520.59;739.19
2026-03-10 09:00:00;5285.97;723.99
2026-03-10 09:15:00;5995.17;674.32
2026-03-10 09:30:00;6649.66;611.57
2026-03-10 09:45:00;7283.2;546.87
2026-03-10 10:00:00;7655.12;471.49
2026-03-10 10:15:00;8090.21;421.41
2026-03-10 10:30:00;8532.31;374.05
2026-03-10 10:45:00;8908.63;352.94
2026-03-10 11:00:00;9153.47;354.25
2026-03-10 11:15:00;9349.49;370.55
2026-03-10 11:30:00;9475.76;385.66
2026-03-10 11:45:00;9602.93;408.82
2026-03-10 12:00:00;9640.7;443.59
2026-03-10 12:15:00;9616.59;502.61
2026-03-10 12:30:00;9502.16;581.59
2026-03-10 12:45:00;9344.08;652.94
2026-03-10 13:00:00;9165.28;720.87
2026-03-10 13:15:00;8895.77;766.66
2026-03-10 13:30:00;8582.01;825.76
2026-03-10 13:45:00;8234.04;921.73
2026-03-10 14:00:00;7805.85;1021.19
2026-03-10 14:15:00;7333.69;1092.68
2026-03-10 14:30:00;6860.19;1166.35
2026-03-10 14:45:00;6401.94;1197.34
2026-03-10 15:00:00;5985.69;1264.78
2026-03-10 15:15:00;5461.49;1237.9
2026-03-10 15:30:00;4838.76;1188.94
2026-03-10 15:45:00;4197.33;1162.54
2026-03-10 16:00:00;3549.31;1157.71
2026-03-10 16:15:00;2911.2;1172.31
2026-03-10 16:30:00;2285.55;1167.93
2026-03-10 16:45:00;1698.58;1171.26
2026-03-10 17:00:00;1174.48;1268.63
2026-03-10 17:15:00;749.24;1314.55
2026-03-10 17:30:00;421.0;1375.5
2026-03-10 17:45:00;198.13;1538.89
2026-03-10 18:00:00;57.5;1685.96
2026-03-10 18:15:00;19.54;1729.5
2026-03-10 18:30:00;20.55;1775.85
2026-03-10 18:45:00;32.48;1882.7
2026-03-10 19:00:00;29.3;2003.91
2026-03-10 19:15:00;15.09;2136.43
2026-03-10 19:30:00;4.73;2220.79
2026-03-10 19:45:00;4.17;2244.15
2026-03-10 20:00:00;15.25;2348.79
2026-03-10 20:15:00;12.51;2549.31
2026-03-10 20:30:00;6.2;2769.29
2026-03-10 20:45:00;4.07;2938.53
2026-03-10 21:00:00;4.93;3033.06
2026-03-10 21:15:00;2.78;3058.0
2026-03-10 21:30:00;2.55;3032.53
2026-03-10 21:45:00;2.52;3093.14
2026-03-10 22:00:00;6.04;3119.4
2026-03-10 22:15:00;2.69;3166.51
2026-03-10 22:30:00;4.11;3294.49
2026-03-10 22:45:00;3.38;3414.33
2026-03-10 23:00:00;2.76;3520.7
2026-03-10 23:15:00;2.47;3618.5
2026-03-10 23:30:00;2.39;3675.97
2026-03-10 23:45:00;2.33;3749.57
2026-03-11 00:00:00;2.69;3792.58
2026-03-11 00:15:00;2.27;3826.22
2026-03-11 00:30:00;2.27;3878.74
2026-03-11 00:45:00;2.31;3968.67
2026-03-11 01:00:00;2.34;4096.87
2026-03-11 01:15:00;2.32;4152.92
2026-03-11 01:30:00;2.38;4255.43
2026-03-11 01:45:00;2.34;4404.71
2026-03-11 02:00:00;2.46;4540.96
2026-03-11 02:15:00;2.35;4609.83
2026-03-11 02:30:00;2.76;4733.95
2026-03-11 02:45:00;2.37;4830.25
2026-03-11 03:00:00;2.37;4896.54
2026-03-11 03:15:00;1.6;5016.85
2026-03-11 03:30:00;1.58;5163.76
2026-03-11 03:45:00;1.49;5276.39
2026-03-11 04:00:00;1.48;5332.47
2026-03-11 04:15:00;1.5;5361.24
2026-03-11 04:30:00;1.55;5430.9
2026-03-11 04:45:00;1.56;5533.3
2026-03-11 05:00:00;1.55;5689.4
2026-03-11 05:15:00;1.55;5786.04
2026-03-11 05:30:00;1.5;5833.02
2026-03-11 05:45:00;1.48;5882.83
2026-03-11 06:00:00;1.53;6147.39
2026-03-11 06:15:00;2.2;6191.14
2026-03-11 06:30:00;15.0;6233.37
2026-03-11 06:45:00;73.85;6322.94
2026-03-11 07:00:00;278.21;6394.39
2026-03-11 07:15:00;544.13;6336.93
2026-03-11 07:30:00;890.56;6256.14
2026-03-11 07:45:00;1334.39;6194.44
2026-03-11 08:00:00;1815.1;6172.25
2026-03-11 08:15:00;2316.09;6148.14
2026-03-11 08:30:00;2848.9;6039.65
2026-03-11 08:45:00;3402.38;5961.61
2026-03-11 09:00:00;3978.89;5835.42
2026-03-11 09:15:00;4478.54;5791.75
2026-03-11 09:30:00;4959.52;5753.56
2026-03-11 09:45:00;5410.71;5774.05
2026-03-11 10:00:00;5762.91;5928.64
2026-03-11 10:15:00;5940.14;6116.3
2026-03-11 10:30:00;6129.59;6276.83
2026-03-11 10:45:00;6293.71;6466.82
2026-03-11 11:00:00;6454.53;6695.16
2026-03-11 11:15:00;6600.12;6716.99
2026-03-11 11:30:00;6671.77;6747.81
2026-03-11 11:45:00;6537.59;6789.95
2026-03-11 12:00:00;6380.04;6841.15
2026-03-11 12:15:00;6198.54;6995.65
2026-03-11 12:30:00;6042.74;7149.4
2026-03-11 12:45:00;5859.58;7278.18
2026-03-11 13:00:00;5671.82;7400.73
2026-03-11 13:15:00;5522.18;7488.2
2026-03-11 13:30:00;5286.7;7553.46
2026-03-11 13:45:00;5060.62;7497.48
2026-03-11 14:00:00;4727.92;7511.97
2026-03-11 14:15:00;4491.49;7467.59
2026-03-11 14:30:00;4145.25;7655.44
2026-03-11 14:45:00;3776.73;7769.21
2026-03-11 15:00:00;3436.28;7768.33
2026-03-11 15:15:00;3082.87;7589.94
2026-03-11 15:30:00;2771.53;7420.67
2026-03-11 15:45:00;2401.87;7335.2
2026-03-11 16:00:00;2030.78;7251.49
2026-03-11 16:15:00;1644.61;7170.28
2026-03-11 16:30:00;1306.53;7036.06
2026-03-11 16:45:00;982.15;7012.33
2026-03-11 17:00:00;703.76;6888.14
2026-03-11 17:15:00;448.11;6639.04
2026-03-11 17:30:00;241.99;6328.02
2026-03-11 17:45:00;104.46;6077.1
2026-03-11 18:00:00;35.82;6018.84
2026-03-11 18:15:00;18.69;5921.4
2026-03-11 18:30:00;14.55;5800.94
2026-03-11 18:45:00;19.71;5681.87
2026-03-11 19:00:00;16.47;5576.82
2026-03-11 19:15:00;16.54;5519.16
2026-03-11 19:30:00;14.97;5572.12
2026-03-11 19:45:00;11.56;5523.69
2026-03-11 20:00:00;14.09;5466.37
2026-03-11 20:15:00;3.48;5488.98
2026-03-11 20:30:00;2.47;5503.75
2026-03-11 20:45:00;3.41;5405.97
2026-03-11 21:00:00;5.86;5348.18
2026-03-11 21:15:00;2.57;5238.23
2026-03-11 21:30:00;2.3;5157.37
2026-03-11 21:45:00;2.28;5106.93
2026-03-11 22:00:00;2.31;4945.7
2026-03-11 22:15:00;2.34;4889.18
2026-03-11 22:30:00;2.49;4825.61
2026-03-11 22:45:00;2.41;4751.86
2026-03-11 23:00:00;2.28;4654.03
2026-03-11 23:15:00;2.25;4627.39
2026-03-11 23:30:00;2.26;4567.52
2026-03-11 23:45:00;2.27;4550.37
2026-03-12 00:00:00;2.23;4504.72
2026-03-12 00:15:00;2.17;4451.65
2026-03-12 00:30:00;2.22;4420.33
2026-03-12 00:45:00;1.84;4391.25
2026-03-12 01:00:00;1.58;4419.69
2026-03-12 01:15:00;1.61;4390.59
2026-03-12 01:30:00;1.62;4443.68
2026-03-12 01:45:00;1.57;4496.5
2026-03-12 02:00:00;1.45;4534.05
2026-03-12 02:15:00;1.4;4545.66
2026-03-12 02:30:00;1.33;4560.03
2026-03-12 02:45:00;1.25;4556.71
2026-03-12 03:00:00;1.26;4502.25
2026-03-12 03:15:00;1.29;4403.17
2026-03-12 03:30:00;1.32;4281.14
2026-03-12 03:45:00;1.35;4201.56
2026-03-12 04:00:00;1.37;4129.27
2026-03-12 04:15:00;1.5;4092.57
2026-03-12 04:30:00;2.12;4033.53
2026-03-12 04:45:00;2.26;3936.42
2026-03-12 05:00:00;2.21;3912.89
2026-03-12 05:15:00;2.37;3944.28
2026-03-12 05:30:00;2.33;4001.75
2026-03-12 05:45:00;2.36;4054.45
2026-03-12 06:00:00;2.41;4197.87
2026-03-12 06:15:00;3.9;4239.05
2026-03-12 06:30:00;15.13;4305.74
2026-03-12 06:45:00;80.66;4303.08
2026-03-12 07:00:00;294.43;4196.36
2026-03-12 07:15:00;627.12;3970.18
2026-03-12 07:30:00;1074.61;3905.55
2026-03-12 07:45:00;1606.08;3831.05
2026-03-12 08:00:00;2240.28;3726.61
2026-03-12 08:15:00;2956.44;3568.63
2026-03-12 08:30:00;3653.47;3391.93
2026-03-12 08:45:00;4359.13;3225.42
2026-03-12 09:00:00;5098.36;3058.42
2026-03-12 09:15:00;5822.42;2975.14
2026-03-12 09:30:00;6466.95;2955.21
2026-03-12 09:45:00;7093.03;3017.5
2026-03-12 10:00:00;7700.65;3154.72
2026-03-12 10:15:00;8226.84;3332.91
2026-03-12 10:30:00;8539.51;3522.93
2026-03-12 10:45:00;8701.05;3613.28
2026-03-12 11:00:00;8803.96;3751.64
2026-03-12 11:15:00;8879.87;3819.2
2026-03-12 11:30:00;8650.99;3984.11
2026-03-12 11:45:00;8563.05;4221.8
2026-03-12 12:00:00;8407.47;4382.17
2026-03-12 12:15:00;8378.87;4461.64
2026-03-12 12:30:00;8406.63;4619.97
2026-03-12 12:45:00;8289.95;4549.53
2026-03-12 13:00:00;8325.46;4623.15
2026-03-12 13:15:00;8248.01;4673.82
2026-03-12 13:30:00;8104.66;4536.82
2026-03-12 13:45:00;8058.88;4612.76
2026-03-12 14:00:00;7944.32;4779.09
2026-03-12 14:15:00;7679.35;4795.34
2026-03-12 14:30:00;7444.3;4978.06
2026-03-12 14:45:00;7103.51;5207.82
2026-03-12 15:00:00;6932.34;5457.99
2026-03-12 15:15:00;6510.38;5631.23
2026-03-12 15:30:00;6043.97;5970.26
2026-03-12 15:45:00;5417.25;6179.72
2026-03-12 16:00:00;4806.8;6118.96
2026-03-12 16:15:00;4126.77;6495.93
2026-03-12 16:30:00;3404.61;6587.14
2026-03-12 16:45:00;2696.64;6552.13
2026-03-12 17:00:00;1991.52;6481.68
2026-03-12 17:15:00;1346.0;6311.3
2026-03-12 17:30:00;789.93;6169.09
2026-03-12 17:45:00;378.99;6158.24
2026-03-12 18:00:00;133.49;6342.03
2026-03-12 18:15:00;38.8;6512.44
2026-03-12 18:30:00;23.55;6697.57
2026-03-12 18:45:00;23.83;6867.65
2026-03-12 19:00:00;14.79;7092.72
2026-03-12 19:15:00;12.3;7324.62
2026-03-12 19:30:00;12.01;7614.05
2026-03-12 19:45:00;8.52;7875.09
2026-03-12 20:00:00;7.84;8149.36
2026-03-12 20:15:00;3.79;8383.68
2026-03-12 20:30:00;3.61;8507.18
2026-03-12 20:45:00;2.67;8493.8
2026-03-12 21:00:00;2.85;8667.08
2026-03-12 21:15:00;2.56;8818.7
2026-03-12 21:30:00;2.73;8807.9
2026-03-12 21:45:00;2.52;8742.6
2026-03-12 22:00:00;3.75;8471.39
2026-03-12 22:15:00;2.51;8531.74
2026-03-12 22:30:00;2.33;8511.04
2026-03-12 22:45:00;1.94;8517.35
2026-03-12 23:00:00;2.59;8629.47
2026-03-12 23:15:00;1.67;8637.87
2026-03-12 23:30:00;1.65;8664.4
2026-03-12 23:45:00;1.7;8644.2
2026-03-13 00:00:00;1.7;8429.44
2026-03-13 00:15:00;1.75;8334.82
2026-03-13 00:30:00;1.74;8325.68
2026-03-13 00:45:00;1.77;8389.45
2026-03-13 01:00:00;1.72;8301.3
2026-03-13 01:15:00;1.72;8188.24
2026-03-13 01:30:00;1.76;8224.93
2026-03-13 01:45:00;1.79;8211.29
2026-03-13 02:00:00;1.72;8329.16
2026-03-13 02:15:00;1.63;8348.18
2026-03-13 02:30:00;1.67;8394.35
2026-03-13 02:45:00;1.65;8447.33
2026-03-13 03:00:00;1.64;8441.31
2026-03-13 03:15:00;1.61;8458.14
2026-03-13 03:30:00;1.62;8560.67
2026-03-13 03:45:00;1.61;8617.11
2026-03-13 04:00:00;1.63;8651.64
2026-03-13 04:15:00;1.63;8793.92
2026-03-13 04:30:00;1.64;8827.9
2026-03-13 04:45:00;1.54;8886.93
2026-03-13 05:00:00;1.56;9038.47
2026-03-13 05:15:00;1.58;9205.24
2026-03-13 05:30:00;1.56;9213.8
2026-03-13 05:45:00;1.49;9401.09
2026-03-13 06:00:00;1.56;10049.58
2026-03-13 06:15:00;4.98;10221.93
2026-03-13 06:30:00;40.49;10423.08
2026-03-13 06:45:00;221.36;10504.79
2026-03-13 07:00:00;618.1;10561.82
2026-03-13 07:15:00;1104.21;10414.95
2026-03-13 07:30:00;1694.17;10291.51
2026-03-13 07:45:00;2342.48;10017.0
2026-03-13 08:00:00;3002.47;10030.81
2026-03-13 08:15:00;3664.4;9992.2
2026-03-13 08:30:00;4317.47;9814.09
2026-03-13 08:45:00;4953.7;9537.48
2026-03-13 09:00:00;5457.7;9059.43
2026-03-13 09:15:00;5757.54;8678.15
2026-03-13 09:30:00;6165.23;8324.23
2026-03-13 09:45:00;6396.11;8043.17
2026-03-13 10:00:00;6580.97;7516.93
2026-03-13 10:15:00;6796.05;7114.31
2026-03-13 10:30:00;7085.04;7015.41
2026-03-13 10:45:00;7229.79;6643.73
2026-03-13 11:00:00;7409.09;6379.2
2026-03-13 11:15:00;7541.49;6305.61
2026-03-13 11:30:00;7546.74;6124.6
2026-03-13 11:45:00;7517.12;5835.16
2026-03-13 12:00:00;7500.6;5738.36
2026-03-13 12:15:00;7390.92;5833.25
2026-03-13 12:30:00;7338.67;5901.74
2026-03-13 12:45:00;7243.83;5825.68
2026-03-13 13:00:00;7185.46;6152.14
2026-03-13 13:15:00;6930.15;6387.83
2026-03-13 13:30:00;6641.65;6407.84
2026-03-13 13:45:00;6325.54;6312.83
2026-03-13 14:00:00;6115.51;6451.39
2026-03-13 14:15:00;5709.09;6506.48
2026-03-13 14:30:00;5217.54;6394.82
2026-03-13 14:45:00;4725.64;6295.74
2026-03-13 15:00:00;4257.28;6245.19
2026-03-13 15:15:00;3815.62;6172.12
2026-03-13 15:30:00;3387.54;5991.13
2026-03-13 15:45:00;2951.44;5929.22
2026-03-13 16:00:00;2569.91;5764.49
2026-03-13 16:15:00;2173.05;5735.75
2026-03-13 16:30:00;1702.56;5655.33
2026-03-13 16:45:00;1273.3;5477.04
2026-03-13 17:00:00;890.71;5330.78
2026-03-13 17:15:00;575.83;5143.31
2026-03-13 17:30:00;334.5;4916.29
2026-03-13 17:45:00;154.27;4733.66
2026-03-13 18:00:00;36.34;4678.18
2026-03-13 18:15:00;13.0;4643.83
2026-03-13 18:30:00;28.74;4624.26
2026-03-13 18:45:00;24.92;4624.68
2026-03-13 19:00:00;31.15;4560.92
2026-03-13 19:15:00;22.91;4475.2
2026-03-13 19:30:00;25.15;4371.58
2026-03-13 19:45:00;13.75;4282.28
2026-03-13 20:00:00;20.57;4191.88
2026-03-13 20:15:00;11.03;4140.14
2026-03-13 20:30:00;6.88;4065.17
2026-03-13 20:45:00;3.58;3979.79
2026-03-13 21:00:00;5.41;3882.71
2026-03-13 21:15:00;3.63;3832.85
2026-03-13 21:30:00;2.57;3747.79
2026-03-13 21:45:00;2.49;3707.89
2026-03-13 22:00:00;4.35;3601.71
2026-03-13 22:15:00;3.1;3541.84
2026-03-13 22:30:00;2.6;3462.65
2026-03-13 22:45:00;2.62;3416.89
2026-03-13 23:00:00;2.59;3409.23
2026-03-13 23:15:00;2.59;3374.94
2026-03-13 23:30:00;2.62;3322.14
2026-03-13 23:45:00;2.56;3289.46
2026-03-14 00:00:00;1.99;3255.87
2026-03-14 00:15:00;1.74;3256.0
2026-03-14 00:30:00;1.76;3263.32
2026-03-14 00:45:00;1.77;3256.0
2026-03-14 01:00:00;1.81;3260.76
2026-03-14 01:15:00;1.77;3256.8
2026-03-14 01:30:00;1.8;3303.42
2026-03-14 01:45:00;1.79;3318.01
2026-03-14 02:00:00;1.82;3250.66
2026-03-14 02:15:00;1.77;3166.73
2026-03-14 02:30:00;1.8;3122.79
2026-03-14 02:45:00;1.76;3019.1
2026-03-14 03:00:00;1.71;2975.33
2026-03-14 03:15:00;1.72;2947.21
2026-03-14 03:30:00;2.46;2909.73
2026-03-14 03:45:00;1.81;2877.58
2026-03-14 04:00:00;1.67;2803.85
2026-03-14 04:15:00;1.64;2760.77
2026-03-14 04:30:00;2.09;2721.65
2026-03-14 04:45:00;2.4;2695.51
2026-03-14 05:00:00;2.32;2718.62
2026-03-14 05:15:00;2.79;2738.38
2026-03-14 05:30:00;2.41;2752.25
2026-03-14 05:45:00;2.46;2729.24
2026-03-14 06:00:00;2.86;2721.31
2026-03-14 06:15:00;7.19;2650.98
2026-03-14 06:30:00;20.03;2539.36
2026-03-14 06:45:00;61.92;2459.36
2026-03-14 07:00:00;160.22;2376.88
2026-03-14 07:15:00;312.36;2365.3
2026-03-14 07:30:00;501.36;2293.55
2026-03-14 07:45:00;719.22;2255.92
2026-03-14 08:00:00;971.16;2158.21
2026-03-14 08:15:00;1267.49;2120.27
2026-03-14 08:30:00;1603.12;2011.76
2026-03-14 08:45:00;1949.73;1912.2
2026-03-14 09:00:00;2318.19;1824.79
2026-03-14 09:15:00;2679.35;1793.72
2026-03-14 09:30:00;3021.67;1770.69
2026-03-14 09:45:00;3317.64;1706.06
2026-03-14 10:00:00;3495.21;1618.62
2026-03-14 10:15:00;3666.46;1561.14
2026-03-14 10:30:00;3816.98;1555.94
2026-03-14 10:45:00;3912.35;1504.85
2026-03-14 11:00:00;3961.07;1447.5
2026-03-14 11:15:00;3903.13;1401.51
2026-03-14 11:30:00;3723.01;1380.09
2026-03-14 11:45:00;3714.08;1326.52
2026-03-14 12:00:00;3711.05;1254.48
2026-03-14 12:15:00;3665.64;1215.06
2026-03-14 12:30:00;3641.54;1214.45
2026-03-14 12:45:00;3618.75;1203.44
2026-03-14 13:00:00;3541.32;1172.67
2026-03-14 13:15:00;3388.28;1174.09
2026-03-14 13:30:00;3213.9;1156.28
2026-03-14 13:45:00;3070.72;1134.45
2026-03-14 14:00:00;2905.01;1128.57
2026-03-14 14:15:00;2745.86;1111.52
2026-03-14 14:30:00;2559.77;1078.75
2026-03-14 14:45:00;2369.31;1080.91
2026-03-14 15:00:00;2240.0;1085.64
2026-03-14 15:15:00;2036.41;1127.08
2026-03-14 15:30:00;1793.58;1115.22
2026-03-14 15:45:00;1574.44;1087.28
2026-03-14 16:00:00;1355.13;1095.3
2026-03-14 16:15:00;1137.79;1080.59
2026-03-14 16:30:00;926.57;1055.83
2026-03-14 16:45:00;715.93;1032.34
2026-03-14 17:00:00;530.18;1028.32
2026-03-14 17:15:00;369.17;1036.33
2026-03-14 17:30:00;230.97;1020.77
2026-03-14 17:45:00;120.42;1012.81
2026-03-14 18:00:00;50.05;991.5
2026-03-14 18:15:00;25.4;995.48
2026-03-14 18:30:00;28.37;992.13
2026-03-14 18:45:00;33.56;1001.51
2026-03-14 19:00:00;28.61;1003.8
2026-03-14 19:15:00;16.99;995.89
2026-03-14 19:30:00;11.12;989.85
2026-03-14 19:45:00;10.7;995.2
2026-03-14 20:00:00;17.0;981.39
2026-03-14 20:15:00;8.51;949.69
2026-03-14 20:30:00;4.94;911.38
2026-03-14 20:45:00;3.29;906.73
2026-03-14 21:00:00;4.54;912.8
2026-03-14 21:15:00;3.17;904.67
2026-03-14 21:30:00;2.91;887.24
2026-03-14 21:45:00;2.52;884.99
2026-03-14 22:00:00;4.11;871.4
2026-03-14 22:15:00;2.6;869.42
2026-03-14 22:30:00;2.92;860.25
2026-03-14 22:45:00;2.51;854.05
2026-03-14 23:00:00;2.74;851.12
2026-03-14 23:15:00;2.48;833.2
2026-03-14 23:30:00;2.57;823.29
2026-03-14 23:45:00;2.71;833.28
2026-03-15 00:00:00;2.44;810.57
2026-03-15 00:15:00;2.49;796.94
2026-03-15 00:30:00;2.06;788.81
2026-03-15 00:45:00;1.73;789.85
2026-03-15 01:00:00;1.83;765.53
2026-03-15 01:15:00;2.06;747.05
2026-03-15 01:30:00;1.94;745.92
2026-03-15 01:45:00;1.81;736.56
2026-03-15 02:00:00;1.73;748.18
2026-03-15 02:15:00;1.9;741.06
2026-03-15 02:30:00;1.84;719.95
2026-03-15 02:45:00;1.88;700.54
2026-03-15 03:00:00;2.03;681.12
2026-03-15 03:15:00;1.64;673.1
2026-03-15 03:30:00;1.65;665.01
2026-03-15 03:45:00;1.56;652.38
2026-03-15 04:00:00;1.56;648.57
2026-03-15 04:15:00;1.66;631.75
2026-03-15 04:30:00;1.65;599.47
2026-03-15 04:45:00;1.92;571.66
2026-03-15 05:00:00;2.43;549.99
2026-03-15 05:15:00;2.4;535.03
2026-03-15 05:30:00;2.42;514.01
2026-03-15 05:45:00;2.46;500.17
2026-03-15 06:00:00;2.73;479.63
2026-03-15 06:15:00;3.01;479.11
2026-03-15 06:30:00;6.84;489.6
2026-03-15 06:45:00;43.03;486.53
2026-03-15 07:00:00;150.73;469.78
2026-03-15 07:15:00;330.8;440.94
2026-03-15 07:30:00;567.51;413.57
2026-03-15 07:45:00;858.03;377.1
2026-03-15 08:00:00;1177.97;344.67
2026-03-15 08:15:00;1501.88;320.86
2026-03-15 08:30:00;1861.19;290.39
2026-03-15 08:45:00;2244.97;259.76
2026-03-15 09:00:00;2648.56;240.7
2026-03-15 09:15:00;3034.77;216.74
2026-03-15 09:30:00;3361.3;195.47
2026-03-15 09:45:00;3677.5;193.77
2026-03-15 10:00:00;3951.1;205.78
2026-03-15 10:15:00;4181.31;218.37
2026-03-15 10:30:00;4355.23;223.69
2026-03-15 10:45:00;4470.16;239.58
2026-03-15 11:00:00;4538.36;264.91
2026-03-15 11:15:00;4590.38;294.77
2026-03-15 11:30:00;4664.46;341.96
2026-03-15 11:45:00;4713.65;388.55
2026-03-15 12:00:00;4674.4;428.2
2026-03-15 12:15:00;4729.14;471.56
2026-03-15 12:30:00;4782.64;513.86
2026-03-15 12:45:00;4734.3;565.15
2026-03-15 13:00:00;4700.1;621.14
2026-03-15 13:15:00;4642.19;674.3
2026-03-15 13:30:00;4528.54;713.0
2026-03-15 13:45:00;4397.07;742.56
2026-03-15 14:00:00;4273.07;763.03
2026-03-15 14:15:00;4099.07;789.26
2026-03-15 14:30:00;3904.38;813.5
2026-03-15 14:45:00;3637.7;810.53
2026-03-15 15:00:00;3412.75;824.79
2026-03-15 15:15:00;3181.63;855.16
2026-03-15 15:30:00;2922.34;888.89
2026-03-15 15:45:00;2620.48;933.72
2026-03-15 16:00:00;2323.1;941.59
2026-03-15 16:15:00;2016.6;944.36
2026-03-15 16:30:00;1702.86;940.46
2026-03-15 16:45:00;1392.41;940.45
2026-03-15 17:00:00;1073.47;944.74
2026-03-15 17:15:00;773.59;949.29
2026-03-15 17:30:00;502.57;997.14
2026-03-15 17:45:00;299.68;1094.17
2026-03-15 18:00:00;140.06;1319.09
2026-03-15 18:15:00;49.6;1571.59
2026-03-15 18:30:00;31.4;1831.03
2026-03-15 18:45:00;14.01;2126.67
2026-03-15 19:00:00;12.08;2431.08
2026-03-15 19:15:00;7.98;2751.98
2026-03-15 19:30:00;7.12;3057.12
2026-03-15 19:45:00;5.68;3358.04
2026-03-15 20:00:00;3.62;3594.37
2026-03-15 20:15:00;3.36;3875.52
2026-03-15 20:30:00;3.05;4085.35
2026-03-15 20:45:00;3.03;4311.05
2026-03-15 21:00:00;3.28;4549.12
2026-03-15 21:15:00;3.01;4761.02
2026-03-15 21:30:00;3.23;4947.66
2026-03-15 21:45:00;3.03;5146.02
2026-03-15 22:00:00;3.27;5085.83
2026-03-15 22:15:00;3.05;5301.51
2026-03-15 22:30:00;4.32;5505.28
2026-03-15 22:45:00;2.71;5637.12
2026-03-15 23:00:00;2.14;5774.85
2026-03-15 23:15:00;2.1;5935.15
2026-03-15 23:30:00;2.13;6084.07
2026-03-15 23:45:00;2.23;6218.72
2026-03-16 00:00:00;3.65;6383.73
2026-03-16 00:15:00;2.07;6552.77
2026-03-16 00:30:00;1.99;6741.76
2026-03-16 00:45:00;1.94;6886.18
2026-03-16 01:00:00;2.01;6992.45
2026-03-16 01:15:00;2.09;7120.1
2026-03-16 01:30:00;1.89;7192.3
2026-03-16 01:45:00;1.95;7279.16
2026-03-16 02:00:00;2.01;7346.34
2026-03-16 02:15:00;2.08;7391.51
2026-03-16 02:30:00;1.93;7448.7
2026-03-16 02:45:00;1.73;7476.72
2026-03-16 03:00:00;1.47;7478.05
2026-03-16 03:15:00;1.51;7503.82
2026-03-16 03:30:00;1.32;7392.41
2026-03-16 03:45:00;1.39;7303.23
2026-03-16 04:00:00;1.43;7245.7
2026-03-16 04:15:00;1.6;7231.18
2026-03-16 04:30:00;1.58;7135.69
2026-03-16 04:45:00;1.43;7052.15
2026-03-16 05:00:00;1.42;7068.73
2026-03-16 05:15:00;1.49;7172.62
2026-03-16 05:30:00;1.54;7255.07
2026-03-16 05:45:00;1.4;7359.54
2026-03-16 06:00:00;2.02;7574.71
2026-03-16 06:15:00;5.16;7501.99
2026-03-16 06:30:00;46.01;7376.98
2026-03-16 06:45:00;194.7;7137.06
2026-03-16 07:00:00;410.05;6996.6
2026-03-16 07:15:00;652.2;6912.49
2026-03-16 07:30:00;950.43;6763.45
2026-03-16 07:45:00;1267.15;6622.24
2026-03-16 08:00:00;1639.72;6507.77
2026-03-16 08:15:00;1987.05;6446.12
2026-03-16 08:30:00;2334.11;6389.93
2026-03-16 08:45:00;2692.15;6327.64
2026-03-16 09:00:00;2974.9;6383.45
2026-03-16 09:15:00;3216.04;6428.5
2026-03-16 09:30:00;3381.01;6536.9
2026-03-16 09:45:00;3532.23;6619.44
2026-03-16 10:00:00;3774.67;6717.29
2026-03-16 10:15:00;4032.55;6732.46
2026-03-16 10:30:00;4253.19;6748.63
2026-03-16 10:45:00;4487.67;6737.13
2026-03-16 11:00:00;4679.97;6792.21
2026-03-16 11:15:00;4916.69;6848.12
2026-03-16 11:30:00;5135.02;6906.54
2026-03-16 11:45:00;5181.22;6818.43
2026-03-16 12:00:00;5300.66;6819.8
2026-03-16 12:15:00;5478.63;6860.67
2026-03-16 12:30:00;5629.26;6794.92
2026-03-16 12:45:00;5674.63;6847.84
2026-03-16 13:00:00;5627.43;6824.2
2026-03-16 13:15:00;5687.42;6775.23
2026-03-16 13:30:00;5687.13;6697.46
2026-03-16 13:45:00;5622.99;6714.7
2026-03-16 14:00:00;5473.99;6524.88
2026-03-16 14:15:00;5346.29;6481.04
2026-03-16 14:30:00;5079.23;6403.85
2026-03-16 14:45:00;4833.88;6340.03
2026-03-16 15:00:00;4489.71;6176.91
2026-03-16 15:15:00;4168.13;6131.62
2026-03-16 15:30:00;3814.25;6005.46
2026-03-16 15:45:00;3427.51;5791.07
2026-03-16 16:00:00;3066.91;5650.38
2026-03-16 16:15:00;2621.27;5467.15
2026-03-16 16:30:00;2228.31;5151.59
2026-03-16 16:45:00;1835.31;4831.59
2026-03-16 17:00:00;1409.96;4441.65
2026-03-16 17:15:00;1010.7;4005.3
2026-03-16 17:30:00;647.71;3625.48
2026-03-16 17:45:00;346.91;3369.72
2026-03-16 18:00:00;121.06;3351.58
2026-03-16 18:15:00;28.4;3334.74
2026-03-16 18:30:00;16.2;3265.65
2026-03-16 18:45:00;14.5;3145.09
2026-03-16 19:00:00;21.04;3039.83
2026-03-16 19:15:00;28.77;2990.1
2026-03-16 19:30:00;22.71;2947.57
2026-03-16 19:45:00;10.54;2909.1
2026-03-16 20:00:00;9.25;2864.19
2026-03-16 20:15:00;4.16;2798.18
2026-03-16 20:30:00;3.08;2755.38
2026-03-16 20:45:00;3.41;2738.87
2026-03-16 21:00:00;4.05;2726.38
2026-03-16 21:15:00;4.25;2701.09
2026-03-16 21:30:00;2.85;2698.88
2026-03-16 21:45:00;2.49;2708.66
2026-03-16 22:00:00;3.24;2675.6
2026-03-16 22:15:00;2.56;2706.2
2026-03-16 22:30:00;2.58;2695.47
2026-03-16 22:45:00;2.56;2647.53
2026-03-16 23:00:00;2.71;2570.52
2026-03-16 23:15:00;2.83;2522.89
2026-03-16 23:30:00;3.54;2487.73
2026-03-16 23:45:00;2.84;2460.18
2026-03-17 00:00:00;2.47;2404.54
2026-03-17 00:15:00;2.5;2379.04
2026-03-17 00:30:00;2.0;2389.15
2026-03-17 00:45:00;1.77;2391.92
2026-03-17 01:00:00;1.68;2371.74
2026-03-17 01:15:00;1.66;2354.23
2026-03-17 01:30:00;1.78;2290.31
2026-03-17 01:45:00;1.7;2241.59
2026-03-17 02:00:00;1.62;2203.1
2026-03-17 02:15:00;1.58;2159.05
2026-03-17 02:30:00;1.92;2131.35
2026-03-17 02:45:00;2.49;2067.34
2026-03-17 03:00:00;2.46;2006.98
2026-03-17 03:15:00;2.52;1938.95
2026-03-17 03:30:00;2.52;1866.6
2026-03-17 03:45:00;2.51;1811.57
2026-03-17 04:00:00;2.49;1777.34
2026-03-17 04:15:00;2.39;1729.2
2026-03-17 04:30:00;2.35;1672.0
2026-03-17 04:45:00;2.38;1602.01
2026-03-17 05:00:00;2.35;1536.02
2026-03-17 05:15:00;2.44;1483.54
2026-03-17 05:30:00;2.52;1429.1
2026-03-17 05:45:00;2.97;1398.83
2026-03-17 06:00:00;4.05;1375.68
2026-03-17 06:15:00;14.2;1360.76
2026-03-17 06:30:00;81.3;1369.56
2026-03-17 06:45:00;239.27;1373.59
2026-03-17 07:00:00;458.98;1371.68
2026-03-17 07:15:00;712.19;1362.01
2026-03-17 07:30:00;1012.05;1331.44
2026-03-17 07:45:00;1352.37;1316.93
2026-03-17 08:00:00;1727.35;1275.34
2026-03-17 08:15:00;2123.36;1218.08
2026-03-17 08:30:00;2557.36;1151.8
2026-03-17 08:45:00;2961.19;1081.95
2026-03-17 09:00:00;3391.58;1000.87
2026-03-17 09:15:00;3842.85;916.44
2026-03-17 09:30:00;4305.0;848.4
2026-03-17 09:45:00;4752.21;792.91
2026-03-17 10:00:00;5162.6;742.99
2026-03-17 10:15:00;5498.73;700.69
2026-03-17 10:30:00;5771.08;679.23
2026-03-17 10:45:00;6053.62;674.9
2026-03-17 11:00:00;6270.77;685.49
2026-03-17 11:15:00;6485.55;705.68
2026-03-17 11:30:00;6744.68;717.18
2026-03-17 11:45:00;6819.11;709.53
2026-03-17 12:00:00;6896.43;717.08
2026-03-17 12:15:00;6990.54;722.72
2026-03-17 12:30:00;7070.34;714.12
2026-03-17 12:45:00;7091.96;705.7
2026-03-17 13:00:00;6918.39;685.55
2026-03-17 13:15:00;6782.15;659.02
2026-03-17 13:30:00;6627.05;667.41
2026-03-17 13:45:00;6454.12;672.42
2026-03-17 14:00:00;6307.6;676.18
2026-03-17 14:15:00;6144.16;668.52
2026-03-17 14:30:00;5921.64;672.32
2026-03-17 14:45:00;5605.08;688.04
2026-03-17 15:00:00;5220.35;704.65
2026-03-17 15:15:00;4852.01;721.08
2026-03-17 15:30:00;4423.93;729.55
2026-03-17 15:45:00;3956.85;738.8
2026-03-17 16:00:00;3473.77;756.28
2026-03-17 16:15:00;2963.17;772.57
2026-03-17 16:30:00;2440.0;794.3
2026-03-17 16:45:00;1937.1;810.84
2026-03-17 17:00:00;1453.97;852.45
2026-03-17 17:15:00;1010.16;880.5
2026-03-17 17:30:00;634.53;950.31
2026-03-17 17:45:00;342.06;1047.25
2026-03-17 18:00:00;137.84;1183.51
2026-03-17 18:15:00;57.3;1330.31
2026-03-17 18:30:00;34.31;1523.42
2026-03-17 18:45:00;32.83;1720.83
2026-03-17 19:00:00;30.23;1909.47
2026-03-17 19:15:00;15.59;2101.76
2026-03-17 19:30:00;9.11;2294.61
2026-03-17 19:45:00;9.52;2530.62
2026-03-17 20:00:00;10.17;2754.86
2026-03-17 20:15:00;3.63;2947.22
2026-03-17 20:30:00;2.71;3123.62
2026-03-17 20:45:00;2.5;3276.58
2026-03-17 21:00:00;2.72;3421.06
2026-03-17 21:15:00;4.06;3547.47
2026-03-17 21:30:00;2.38;3695.8
2026-03-17 21:45:00;2.22;3810.05
2026-03-17 22:00:00;2.46;3862.41
2026-03-17 22:15:00;2.74;3966.56
2026-03-17 22:30:00;2.8;4072.88
2026-03-17 22:45:00;2.73;4182.71
2026-03-17 23:00:00;2.89;4286.28
2026-03-17 23:15:00;2.4;4410.62
2026-03-17 23:30:00;1.62;4523.15
2026-03-17 23:45:00;1.41;4614.28
2026-03-18 00:00:00;1.5;4726.57
2026-03-18 00:15:00;1.55;4844.16
2026-03-18 00:30:00;1.64;4919.86
2026-03-18 00:45:00;1.6;4982.94
2026-03-18 01:00:00;1.59;5032.56
2026-03-18 01:15:00;1.63;5075.9
2026-03-18 01:30:00;1.68;5098.39
2026-03-18 01:45:00;1.62;5148.43
2026-03-18 02:00:00;1.6;5178.69
2026-03-18 02:15:00;1.92;5220.91
2026-03-18 02:30:00;2.43;5213.61
2026-03-18 02:45:00;2.4;5201.58
2026-03-18 03:00:00;2.36;5213.29
2026-03-18 03:15:00;2.34;5215.12
2026-03-18 03:30:00;2.38;5180.97
2026-03-18 03:45:00;2.31;5172.74
2026-03-18 04:00:00;2.32;5132.07
2026-03-18 04:15:00;2.37;5131.93
2026-03-18 04:30:00;2.35;5094.03
2026-03-18 04:45:00;2.36;5059.11
2026-03-18 05:00:00;2.33;4999.87
2026-03-18 05:15:00;2.34;4907.18
2026-03-18 05:30:00;2.4;4860.8
2026-03-18 05:45:00;3.1;4924.77
2026-03-18 06:00:00;3.81;5055.38
2026-03-18 06:15:00;19.45;5064.92
2026-03-18 06:30:00;112.49;5072.87
2026-03-18 06:45:00;421.37;5033.6
2026-03-18 07:00:00;916.04;4858.41
2026-03-18 07:15:00;1546.99;4735.67
2026-03-18 07:30:00;2274.97;4566.35
2026-03-18 07:45:00;3071.08;4363.72
2026-03-18 08:00:00;3948.65;4090.41
2026-03-18 08:15:00;4838.21;3733.09
2026-03-18 08:30:00;5758.02;3358.47
2026-03-18 08:45:00;6646.29;3013.84
2026-03-18 09:00:00;7544.0;2776.69
2026-03-18 09:15:00;8293.08;2610.23
2026-03-18 09:30:00;8841.31;2441.5
2026-03-18 09:45:00;9360.39;2355.25
2026-03-18 10:00:00;9839.82;2103.53
2026-03-18 10:15:00;10188.02;1968.82
2026-03-18 10:30:00;10123.77;1886.5
2026-03-18 10:45:00;10377.62;1864.75
2026-03-18 11:00:00;10534.59;1973.77
2026-03-18 11:15:00;10723.84;1850.61
2026-03-18 11:30:00;10933.81;1804.98
2026-03-18 11:45:00;11086.06;1758.97
2026-03-18 12:00:00;11266.78;1735.05
2026-03-18 12:15:00;11219.87;1665.41
2026-03-18 12:30:00;11214.59;1676.9
2026-03-18 12:45:00;11146.74;1641.99
2026-03-18 13:00:00;11071.57;1637.47
2026-03-18 13:15:00;10928.39;1699.51
2026-03-18 13:30:00;10670.84;1816.22
2026-03-18 13:45:00;10465.16;1884.79
2026-03-18 14:00:00;10432.01;1903.39
2026-03-18 14:15:00;10200.16;2025.81
2026-03-18 14:30:00;9707.28;2077.62
2026-03-18 14:45:00;9473.47;2165.08
2026-03-18 15:00:00;8964.7;2330.03
2026-03-18 15:15:00;8335.35;2496.74
2026-03-18 15:30:00;7605.92;2558.16
2026-03-18 15:45:00;6809.46;2622.76
2026-03-18 16:00:00;5943.73;2604.44
2026-03-18 16:15:00;5114.19;2644.82
2026-03-18 16:30:00;4221.37;2683.16
2026-03-18 16:45:00;3331.76;2689.91
2026-03-18 17:00:00;2472.51;2664.95
2026-03-18 17:15:00;1716.39;2621.1
2026-03-18 17:30:00;1085.36;2568.2
2026-03-18 17:45:00;601.7;2587.59
2026-03-18 18:00:00;264.69;2683.86
2026-03-18 18:15:00;95.07;2867.81
2026-03-18 18:30:00;28.78;3065.58
2026-03-18 18:45:00;17.1;3242.92
2026-03-18 19:00:00;20.41;3438.47
2026-03-18 19:15:00;16.56;3650.32
2026-03-18 19:30:00;12.5;3820.6
2026-03-18 19:45:00;9.04;3925.24
2026-03-18 20:00:00;9.53;3975.65
2026-03-18 20:15:00;7.56;4053.19
2026-03-18 20:30:00;4.32;4152.73
2026-03-18 20:45:00;2.87;4189.65
2026-03-18 21:00:00;4.03;4203.87
2026-03-18 21:15:00;2.82;4229.27
2026-03-18 21:30:00;2.78;4248.76
2026-03-18 21:45:00;2.47;4193.48
2026-03-18 22:00:00;2.26;4024.11
2026-03-18 22:15:00;2.28;3952.52
2026-03-18 22:30:00;2.3;3909.34
2026-03-18 22:45:00;2.36;3863.01
2026-03-18 23:00:00;2.38;3770.26
2026-03-18 23:15:00;2.35;3704.63
2026-03-18 23:30:00;2.31;3631.58
2026-03-18 23:45:00;1.59;3553.79
2026-03-19 00:00:00;1.7;3492.27
2026-03-19 00:15:00;1.77;3434.57
2026-03-19 00:30:00;2.05;3375.9
2026-03-19 00:45:00;2.19;3290.42
2026-03-19 01:00:00;1.99;3177.59
2026-03-19 01:15:00;1.9;3090.94
2026-03-19 01:30:00;1.8;2982.29
2026-03-19 01:45:00;1.72;2851.57
2026-03-19 02:00:00;1.61;2713.27
2026-03-19 02:15:00;1.55;2578.53
2026-03-19 02:30:00;1.53;2457.95
2026-03-19 02:45:00;1.56;2362.64
2026-03-19 03:00:00;1.92;2282.47
2026-03-19 03:15:00;2.4;2192.97
2026-03-19 03:30:00;2.32;2111.63
2026-03-19 03:45:00;2.31;2016.54
2026-03-19 04:00:00;2.34;1932.43
2026-03-19 04:15:00;2.37;1847.41
2026-03-19 04:30:00;2.35;1763.22
2026-03-19 04:45:00;2.51;1684.93
2026-03-19 05:00:00;2.38;1622.85
2026-03-19 05:15:00;3.32;1569.4
2026-03-19 05:30:00;1.98;1505.71
2026-03-19 05:45:00;2.3;1441.02
2026-03-19 06:00:00;4.87;1391.12
2026-03-19 06:15:00;26.9;1355.22
2026-03-19 06:30:00;156.84;1343.63
2026-03-19 06:45:00;484.75;1308.51
2026-03-19 07:00:00;950.99;1255.39
2026-03-19 07:15:00;1555.76;1179.12
2026-03-19 07:30:00;2262.4;1117.72
2026-03-19 07:45:00;3071.37;1055.87
2026-03-19 08:00:00;3940.52;944.9
2026-03-19 08:15:00;4736.46;823.68
2026-03-19 08:30:00;5657.17;702.75
2026-03-19 08:45:00;6437.54;596.96
2026-03-19 09:00:00;7174.97;497.47
2026-03-19 09:15:00;7914.76;413.35
2026-03-19 09:30:00;8600.83;343.34
2026-03-19 09:45:00;9248.74;297.25
2026-03-19 10:00:00;9769.99;274.71
2026-03-19 10:15:00;10274.12;273.36
2026-03-19 10:30:00;10741.64;289.65
2026-03-19 10:45:00;11016.77;309.68
2026-03-19 11:00:00;11393.69;349.09
2026-03-19 11:15:00;11632.79;387.27
2026-03-19 11:30:00;11860.46;415.37
2026-03-19 11:45:00;12068.19;432.31
2026-03-19 12:00:00;12196.62;441.25
2026-03-19 12:15:00;12238.46;438.67
2026-03-19 12:30:00;12042.29;436.87
2026-03-19 12:45:00;12055.18;456.35
2026-03-19 13:00:00;11992.57;471.97
2026-03-19 13:15:00;11888.36;465.3
2026-03-19 13:30:00;11697.09;468.56
2026-03-19 13:45:00;11445.77;470.02
2026-03-19 14:00:00;11043.2;501.5
2026-03-19 14:15:00;10607.76;511.62
2026-03-19 14:30:00;10157.8;551.7
2026-03-19 14:45:00;9578.43;586.3
2026-03-19 15:00:00;8938.01;619.95
2026-03-19 15:15:00;8243.24;631.68
2026-03-19 15:30:00;7599.84;641.43
2026-03-19 15:45:00;6854.68;653.23
2026-03-19 16:00:00;5998.33;669.0
2026-03-19 16:15:00;5136.05;698.21
2026-03-19 16:30:00;4238.65;699.96
2026-03-19 16:45:00;3364.08;704.2
2026-03-19 17:00:00;2536.51;726.38
2026-03-19 17:15:00;1774.37;751.51
2026-03-19 17:30:00;1121.11;762.74
2026-03-19 17:45:00;619.44;807.06
2026-03-19 18:00:00;271.82;897.65
2026-03-19 18:15:00;89.13;995.0
2026-03-19 18:30:00;24.04;1085.35
2026-03-19 18:45:00;26.8;1183.86
2026-03-19 19:00:00;34.81;1273.34
2026-03-19 19:15:00;25.84;1365.42
2026-03-19 19:30:00;18.56;1422.96
2026-03-19 19:45:00;17.75;1492.3
2026-03-19 20:00:00;9.52;1572.74
2026-03-19 20:15:00;6.47;1631.71
2026-03-19 20:30:00;3.47;1680.18
2026-03-19 20:45:00;2.16;1713.57
2026-03-19 21:00:00;2.12;1732.39
2026-03-19 21:15:00;2.04;1759.23
2026-03-19 21:30:00;2.31;1768.38
2026-03-19 21:45:00;2.05;1724.57
2026-03-19 22:00:00;3.0;1684.03
2026-03-19 22:15:00;2.35;1666.47
2026-03-19 22:30:00;2.06;1649.27
2026-03-19 22:45:00;2.05;1642.01
2026-03-19 23:00:00;2.76;1607.99
2026-03-19 23:15:00;2.03;1610.69
2026-03-19 23:30:00;1.94;1607.95
2026-03-19 23:45:00;1.95;1554.34
2026-03-20 00:00:00;1.9;1521.25
2026-03-20 00:15:00;1.98;1477.59
2026-03-20 00:30:00;2.02;1409.72
2026-03-20 00:45:00;1.94;1355.8
2026-03-20 01:00:00;2.0;1290.33
2026-03-20 01:15:00;1.97;1238.22
2026-03-20 01:30:00;1.98;1196.56
2026-03-20 01:45:00;2.01;1173.33
2026-03-20 02:00:00;2.03;1138.09
2026-03-20 02:15:00;1.99;1088.38
2026-03-20 02:30:00;2.11;1054.86
2026-03-20 02:45:00;2.11;1037.37
2026-03-20 03:00:00;2.11;1029.89
2026-03-20 03:15:00;2.08;1030.96
2026-03-20 03:30:00;2.12;1029.36
2026-03-20 03:45:00;2.01;1039.47
2026-03-20 04:00:00;1.99;1047.33
2026-03-20 04:15:00;1.98;1067.79
2026-03-20 04:30:00;2.13;1076.5
2026-03-20 04:45:00;2.14;1089.14
2026-03-20 05:00:00;2.08;1097.41
2026-03-20 05:15:00;2.11;1089.49
2026-03-20 05:30:00;2.19;1091.55
2026-03-20 05:45:00;2.93;1082.94
2026-03-20 06:00:00;3.88;1059.6
2026-03-20 06:15:00;29.82;1017.76
2026-03-20 06:30:00;165.28;989.6
2026-03-20 06:45:00;480.99;959.97
2026-03-20 07:00:00;924.18;896.94
2026-03-20 07:15:00;1442.86;821.97
2026-03-20 07:30:00;2043.81;756.72
2026-03-20 07:45:00;2704.78;684.72
2026-03-20 08:00:00;3444.16;598.67
2026-03-20 08:15:00;4143.57;501.16
2026-03-20 08:30:00;4870.81;399.14
2026-03-20 08:45:00;5567.76;312.35
2026-03-20 09:00:00;6224.01;254.31
2026-03-20 09:15:00;6871.38;214.93
2026-03-20 09:30:00;7444.38;188.61
2026-03-20 09:45:00;8025.58;176.48
2026-03-20 10:00:00;8528.87;164.17
2026-03-20 10:15:00;8891.42;160.3
2026-03-20 10:30:00;9221.41;158.32
2026-03-20 10:45:00;9552.76;166.14
2026-03-20 11:00:00;9912.04;180.53
2026-03-20 11:15:00;10197.99;207.52
2026-03-20 11:30:00;10434.73;231.09
2026-03-20 11:45:00;10558.98;235.73
2026-03-20 12:00:00;10636.72;249.58
2026-03-20 12:15:00;10647.63;269.38
2026-03-20 12:30:00;10621.09;273.97
2026-03-20 12:45:00;10502.47;274.0
2026-03-20 13:00:00;10376.0;280.87
2026-03-20 13:15:00;10158.41;298.99
2026-03-20 13:30:00;9895.87;304.48
2026-03-20 13:45:00;9619.77;307.16
2026-03-20 14:00:00;9207.63;313.06
2026-03-20 14:15:00;8761.79;333.97
2026-03-20 14:30:00;8218.41;345.88
2026-03-20 14:45:00;7650.65;357.89
2026-03-20 15:00:00;7149.51;373.2
2026-03-20 15:15:00;6578.96;394.83
2026-03-20 15:30:00;6007.41;419.08
2026-03-20 15:45:00;5366.29;450.92
2026-03-20 16:00:00;4681.54;491.17
2026-03-20 16:15:00;4004.42;512.58
2026-03-20 16:30:00;3356.25;539.42
2026-03-20 16:45:00;2688.31;577.56
2026-03-20 17:00:00;2063.0;611.69
2026-03-20 17:15:00;1482.85;649.34
2026-03-20 17:30:00;976.66;685.12
2026-03-20 17:45:00;569.88;736.13
2026-03-20 18:00:00;256.93;814.66
2026-03-20 18:15:00;88.11;945.63
2026-03-20 18:30:00;34.4;1058.17
2026-03-20 18:45:00;23.44;1166.82
2026-03-20 19:00:00;28.97;1269.92
2026-03-20 19:15:00;26.7;1352.95
2026-03-20 19:30:00;18.7;1426.1
2026-03-20 19:45:00;11.72;1508.31
2026-03-20 20:00:00;20.84;1548.34
2026-03-20 20:15:00;13.39;1583.74
2026-03-20 20:30:00;8.3;1585.79
2026-03-20 20:45:00;5.45;1578.56
2026-03-20 21:00:00;21.08;1561.5
2026-03-20 21:15:00;12.17;1557.92
2026-03-20 21:30:00;9.22;1551.53
2026-03-20 21:45:00;5.98;1537.91
2026-03-20 22:00:00;4.19;1499.04
2026-03-20 22:15:00;6.07;1480.24
2026-03-20 22:30:00;3.17;1442.32
2026-03-20 22:45:00;3.0;1389.41
2026-03-20 23:00:00;4.83;1353.06
2026-03-20 23:15:00;3.07;1311.32
2026-03-20 23:30:00;3.21;1275.01
2026-03-20 23:45:00;2.9;1254.95
2026-03-21 00:00:00;5.06;1232.39
2026-03-21 00:15:00;3.17;1190.68
2026-03-21 00:30:00;2.81;1174.45
2026-03-21 00:45:00;2.82;1168.74
2026-03-21 01:00:00;2.13;1160.42
2026-03-21 01:15:00;2.05;1152.79
2026-03-21 01:30:00;2.3;1133.42
2026-03-21 01:45:00;2.11;1101.63
2026-03-21 02:00:00;2.11;1061.47
2026-03-21 02:15:00;2.1;1024.56
2026-03-21 02:30:00;2.39;972.4
2026-03-21 02:45:00;2.09;923.79
2026-03-21 03:00:00;2.4;886.56
2026-03-21 03:15:00;2.13;872.16
2026-03-21 03:30:00;2.22;862.58
2026-03-21 03:45:00;2.13;853.53
2026-03-21 04:00:00;2.9;857.14
2026-03-21 04:15:00;2.94;874.18
2026-03-21 04:30:00;2.93;874.0
2026-03-21 04:45:00;2.92;863.24
2026-03-21 05:00:00;3.1;863.53
2026-03-21 05:15:00;2.86;849.07
2026-03-21 05:30:00;2.92;831.5
2026-03-21 05:45:00;3.42;818.3
2026-03-21 06:00:00;3.36;819.15
2026-03-21 06:15:00;18.92;819.3
2026-03-21 06:30:00;109.85;820.78
2026-03-21 06:45:00;325.1;831.14
2026-03-21 07:00:00;608.07;819.7
2026-03-21 07:15:00;939.16;810.34
2026-03-21 07:30:00;1334.18;803.37
2026-03-21 07:45:00;1770.34;784.18
2026-03-21 08:00:00;2245.44;754.32
2026-03-21 08:15:00;2722.21;704.42
2026-03-21 08:30:00;3193.29;632.66
2026-03-21 08:45:00;3647.48;562.2
2026-03-21 09:00:00;4151.13;506.82
2026-03-21 09:15:00;4625.92;471.2
2026-03-21 09:30:00;5115.1;438.88
2026-03-21 09:45:00;5593.64;417.53
2026-03-21 10:00:00;6055.77;424.95
2026-03-21 10:15:00;6494.43;471.32
2026-03-21 10:30:00;6883.42;517.4
2026-03-21 10:45:00;7273.99;555.66
2026-03-21 11:00:00;7608.59;617.54
2026-03-21 11:15:00;7865.39;665.71
2026-03-21 11:30:00;7951.69;739.92
2026-03-21 11:45:00;8022.25;810.38
2026-03-21 12:00:00;7959.95;856.7
2026-03-21 12:15:00;7886.21;917.12
2026-03-21 12:30:00;7731.91;978.25
2026-03-21 12:45:00;7512.87;1025.85
2026-03-21 13:00:00;7245.38;1059.37
2026-03-21 13:15:00;6924.94;1069.35
2026-03-21 13:30:00;6622.6;1076.01
2026-03-21 13:45:00;6398.58;1089.51
2026-03-21 14:00:00;6128.88;1115.02
2026-03-21 14:15:00;5919.76;1176.92
2026-03-21 14:30:00;5618.27;1239.13
2026-03-21 14:45:00;5290.06;1268.5
2026-03-21 15:00:00;4957.44;1306.65
2026-03-21 15:15:00;4578.86;1364.92
2026-03-21 15:30:00;4180.33;1433.59
2026-03-21 15:45:00;3753.44;1446.82
2026-03-21 16:00:00;3282.92;1489.55
2026-03-21 16:15:00;2816.57;1547.69
2026-03-21 16:30:00;2337.99;1625.27
2026-03-21 16:45:00;1891.85;1687.45
2026-03-21 17:00:00;1465.18;1725.48
2026-03-21 17:15:00;1074.1;1793.81
2026-03-21 17:30:00;725.73;1864.9
2026-03-21 17:45:00;433.33;1918.27
2026-03-21 18:00:00;208.28;2019.71
2026-03-21 18:15:00;82.84;2171.85
2026-03-21 18:30:00;41.49;2362.65
2026-03-21 18:45:00;24.59;2568.29
2026-03-21 19:00:00;26.94;2802.57
2026-03-21 19:15:00;28.37;2948.03
2026-03-21 19:30:00;14.77;3089.77
2026-03-21 19:45:00;9.32;3224.56
2026-03-21 20:00:00;8.86;3361.75
2026-03-21 20:15:00;5.98;3481.91
2026-03-21 20:30:00;5.11;3568.82
2026-03-21 20:45:00;3.41;3682.62
2026-03-21 21:00:00;3.87;3739.62
2026-03-21 21:15:00;3.0;3819.34
2026-03-21 21:30:00;4.06;3838.44
2026-03-21 21:45:00;2.93;3860.08
2026-03-21 22:00:00;5.85;3853.54
2026-03-21 22:15:00;3.01;3900.73
2026-03-21 22:30:00;2.93;3945.74
2026-03-21 22:45:00;2.93;3947.5
2026-03-21 23:00:00;3.39;3954.23
2026-03-21 23:15:00;2.95;3970.63
2026-03-21 23:30:00;4.19;3997.02
2026-03-21 23:45:00;3.02;4016.47
2026-03-22 00:00:00;2.88;4043.47
2026-03-22 00:15:00;2.85;4046.65
2026-03-22 00:30:00;2.74;4060.45
2026-03-22 00:45:00;2.73;4073.46
2026-03-22 01:00:00;2.85;4022.96
2026-03-22 01:15:00;2.93;4003.94
2026-03-22 01:30:00;3.64;3995.09
2026-03-22 01:45:00;2.96;3960.88
2026-03-22 02:00:00;2.87;3936.37
2026-03-22 02:15:00;2.77;3914.61
2026-03-22 02:30:00;2.8;3898.94
2026-03-22 02:45:00;2.81;3882.44
2026-03-22 03:00:00;2.83;3845.4
2026-03-22 03:15:00;2.95;3821.12
2026-03-22 03:30:00;3.54;3822.38
2026-03-22 03:45:00;2.91;3811.32
2026-03-22 04:00:00;2.85;3823.18
2026-03-22 04:15:00;2.8;3805.41
2026-03-22 04:30:00;2.81;3775.73
2026-03-22 04:45:00;2.81;3770.93
2026-03-22 05:00:00;2.76;3756.71
2026-03-22 05:15:00;2.73;3748.82
2026-03-22 05:30:00;2.72;3757.99
2026-03-22 05:45:00;3.13;3796.76
2026-03-22 06:00:00;8.87;3833.68
2026-03-22 06:15:00;62.8;3754.78
2026-03-22 06:30:00;250.04;3718.04
2026-03-22 06:45:00;613.6;3630.19
2026-03-22 07:00:00;1118.99;3473.55
2026-03-22 07:15:00;1741.64;3378.35
2026-03-22 07:30:00;2461.4;3249.61
2026-03-22 07:45:00;3256.82;3070.83
2026-03-22 08:00:00;4100.88;2819.14
2026-03-22 08:15:00;4962.97;2510.29
2026-03-22 08:30:00;5878.68;2205.02
2026-03-22 08:45:00;6769.48;1913.04
2026-03-22 09:00:00;7620.49;1669.71
2026-03-22 09:15:00;8319.51;1482.04
2026-03-22 09:30:00;8981.92;1286.21
2026-03-22 09:45:00;9450.54;1140.45
2026-03-22 10:00:00;10033.47;1185.14
2026-03-22 10:15:00;10463.8;1212.17
2026-03-22 10:30:00;10869.43;1201.02
2026-03-22 10:45:00;11178.01;1254.01
2026-03-22 11:00:00;11268.36;1278.5
2026-03-22 11:15:00;11233.41;1327.11
2026-03-22 11:30:00;11347.67;1446.06
2026-03-22 11:45:00;11404.09;1480.97
2026-03-22 12:00:00;11379.43;1327.95
2026-03-22 12:15:00;11355.14;1284.71
2026-03-22 12:30:00;11304.66;1288.98
2026-03-22 12:45:00;11189.67;1346.17
2026-03-22 13:00:00;10982.83;1318.72
2026-03-22 13:15:00;10749.64;1304.93
2026-03-22 13:30:00;10573.5;1330.97
2026-03-22 13:45:00;10278.42;1377.09
2026-03-22 14:00:00;10208.3;1592.02
2026-03-22 14:15:00;9708.9;1638.58
2026-03-22 14:30:00;9315.88;1635.27
2026-03-22 14:45:00;8849.48;1621.77
2026-03-22 15:00:00;8413.21;1668.95
2026-03-22 15:15:00;7907.71;1686.76
2026-03-22 15:30:00;7324.35;1742.55
2026-03-22 15:45:00;6596.57;1768.73
2026-03-22 16:00:00;5892.48;1773.41
2026-03-22 16:15:00;5173.29;1784.31
2026-03-22 16:30:00;4314.65;1764.43
2026-03-22 16:45:00;3461.92;1744.56
2026-03-22 17:00:00;2634.26;1707.71
2026-03-22 17:15:00;1895.52;1662.75
2026-03-22 17:30:00;1249.83;1600.53
2026-03-22 17:45:00;729.98;1576.03
2026-03-22 18:00:00;354.31;1591.61
2026-03-22 18:15:00;120.91;1659.57
2026-03-22 18:30:00;27.66;1753.02
2026-03-22 18:45:00;11.62;1887.23
2026-03-22 19:00:00;12.15;2038.03
2026-03-22 19:15:00;12.08;2160.13
2026-03-22 19:30:00;12.22;2263.95
2026-03-22 19:45:00;6.38;2352.62
2026-03-22 20:00:00;8.34;2408.02
2026-03-22 20:15:00;3.73;2420.92
2026-03-22 20:30:00;3.7;2459.89
2026-03-22 20:45:00;3.02;2474.5
2026-03-22 21:00:00;4.01;2466.37
2026-03-22 21:15:00;3.62;2442.98
2026-03-22 21:30:00;2.96;2383.76
2026-03-22 21:45:00;2.98;2333.92
2026-03-22 22:00:00;3.3;2228.38
2026-03-22 22:15:00;3.64;2157.75
2026-03-22 22:30:00;3.46;2068.06
2026-03-22 22:45:00;3.25;1959.62
2026-03-22 23:00:00;3.05;1833.92
2026-03-22 23:15:00;2.99;1709.61
2026-03-22 23:30:00;3.04;1582.88
2026-03-22 23:45:00;2.95;1451.02
2026-03-23 00:00:00;3.17;1333.5
2026-03-23 00:15:00;3.01;1221.83
2026-03-23 00:30:00;2.99;1123.43
2026-03-23 00:45:00;2.96;1034.3
2026-03-23 01:00:00;2.99;941.76
2026-03-23 01:15:00;3.01;837.89
2026-03-23 01:30:00;2.56;745.55
2026-03-23 01:45:00;2.2;670.69
2026-03-23 02:00:00;4.41;610.86
2026-03-23 02:15:00;2.24;556.89
2026-03-23 02:30:00;2.21;513.22
2026-03-23 02:45:00;2.19;471.96
2026-03-23 03:00:00;2.22;442.29
2026-03-23 03:15:00;2.19;400.24
2026-03-23 03:30:00;2.5;367.48
2026-03-23 03:45:00;3.01;335.27
2026-03-23 04:00:00;3.02;310.59
2026-03-23 04:15:00;3.14;297.24
2026-03-23 04:30:00;3.36;281.59
2026-03-23 04:45:00;3.96;263.41
2026-03-23 05:00:00;3.2;252.63
2026-03-23 05:15:00;3.11;247.17
2026-03-23 05:30:00;3.07;237.05
2026-03-23 05:45:00;3.88;231.59
2026-03-23 06:00:00;16.98;224.34
2026-03-23 06:15:00;92.26;211.52
2026-03-23 06:30:00;312.61;205.21
2026-03-23 06:45:00;687.37;210.26
2026-03-23 07:00:00;1162.8;217.23
2026-03-23 07:15:00;1722.9;223.5
2026-03-23 07:30:00;2374.8;219.12
2026-03-23 07:45:00;3079.71;209.39
2026-03-23 08:00:00;3888.78;202.11
2026-03-23 08:15:00;4697.46;201.34
2026-03-23 08:30:00;5522.2;194.4
2026-03-23 08:45:00;6326.97;169.83
2026-03-23 09:00:00;7194.4;140.19
2026-03-23 09:15:00;7948.64;118.29
2026-03-23 09:30:00;8482.23;97.89
2026-03-23 09:45:00;9037.25;80.2
2026-03-23 10:00:00;9677.93;70.65
2026-03-23 10:15:00;10210.14;63.81
2026-03-23 10:30:00;10694.56;57.04
2026-03-23 10:45:00;11088.37;58.31
2026-03-23 11:00:00;11437.61;64.55
2026-03-23 11:15:00;11686.78;75.24
2026-03-23 11:30:00;11801.94;82.12
2026-03-23 11:45:00;11815.51;90.28
2026-03-23 12:00:00;11762.0;96.5
2026-03-23 12:15:00;11602.29;108.61
2026-03-23 12:30:00;11390.6;131.97
2026-03-23 12:45:00;11109.32;154.94
2026-03-23 13:00:00;10687.49;173.36
2026-03-23 13:15:00;10255.85;196.24
2026-03-23 13:30:00;9863.73;217.64
2026-03-23 13:45:00;9401.66;238.2
2026-03-23 14:00:00;8983.8;262.17
2026-03-23 14:15:00;8478.92;275.49
2026-03-23 14:30:00;7952.19;287.03
2026-03-23 14:45:00;7409.61;301.02
2026-03-23 15:00:00;6916.85;307.61
2026-03-23 15:15:00;6353.19;305.12
2026-03-23 15:30:00;5800.42;295.93
2026-03-23 15:45:00;5205.76;268.55
2026-03-23 16:00:00;4613.37;236.44
2026-03-23 16:15:00;4044.06;212.76
2026-03-23 16:30:00;3443.85;199.13
2026-03-23 16:45:00;2781.45;180.33
2026-03-23 17:00:00;2132.57;175.83
2026-03-23 17:15:00;1540.12;177.12
2026-03-23 17:30:00;1028.57;178.9
2026-03-23 17:45:00;623.37;185.33
2026-03-23 18:00:00;322.33;184.38
2026-03-23 18:15:00;133.54;184.2
2026-03-23 18:30:00;45.72;199.04
2026-03-23 18:45:00;35.02;210.99
2026-03-23 19:00:00;30.67;216.96
2026-03-23 19:15:00;25.67;214.4
2026-03-23 19:30:00;27.84;224.59
2026-03-23 19:45:00;16.12;224.1
2026-03-23 20:00:00;20.09;220.26
2026-03-23 20:15:00;13.87;219.06
2026-03-23 20:30:00;6.94;220.19
2026-03-23 20:45:00;2.68;221.34
2026-03-23 21:00:00;2.72;230.57
2026-03-23 21:15:00;2.34;245.25
2026-03-23 21:30:00;2.47;261.14
2026-03-23 21:45:00;2.36;280.1
2026-03-23 22:00:00;5.05;289.53
2026-03-23 22:15:00;2.43;301.43
2026-03-23 22:30:00;2.6;327.88
2026-03-23 22:45:00;2.45;352.49
2026-03-23 23:00:00;2.45;379.99
2026-03-23 23:15:00;2.48;418.34
2026-03-23 23:30:00;2.38;476.64
2026-03-23 23:45:00;2.47;533.52
2026-03-24 00:00:00;3.03;590.85
2026-03-24 00:15:00;2.99;667.39
2026-03-24 00:30:00;2.81;755.61
2026-03-24 00:45:00;2.77;862.26
2026-03-24 01:00:00;2.8;975.33
2026-03-24 01:15:00;2.75;1111.15
2026-03-24 01:30:00;2.27;1250.33
2026-03-24 01:45:00;2.14;1408.17
2026-03-24 02:00:00;2.12;1550.98
2026-03-24 02:15:00;2.09;1692.1
2026-03-24 02:30:00;2.07;1842.2
2026-03-24 02:45:00;2.03;2019.52
2026-03-24 03:00:00;2.09;2203.83
2026-03-24 03:15:00;2.04;2361.62
2026-03-24 03:30:00;2.04;2505.39
2026-03-24 03:45:00;2.03;2652.75
2026-03-24 04:00:00;2.02;2801.78
2026-03-24 04:15:00;2.03;2916.59
2026-03-24 04:30:00;2.03;3028.59
2026-03-24 04:45:00;2.78;3154.75
2026-03-24 05:00:00;2.17;3311.33
2026-03-24 05:15:00;2.04;3509.08
2026-03-24 05:30:00;2.02;3704.8
2026-03-24 05:45:00;2.51;3869.81
2026-03-24 06:00:00;12.05;4199.83
2026-03-24 06:15:00;87.75;4353.34
2026-03-24 06:30:00;306.62;4503.57
2026-03-24 06:45:00;595.67;4648.87
2026-03-24 07:00:00;949.0;4729.81
2026-03-24 07:15:00;1320.64;4808.14
2026-03-24 07:30:00;1719.82;4815.81
2026-03-24 07:45:00;2173.16;4847.53
2026-03-24 08:00:00;2699.03;4847.72
2026-03-24 08:15:00;3215.49;4811.98
2026-03-24 08:30:00;3755.08;4752.4
2026-03-24 08:45:00;4315.66;4707.64
2026-03-24 09:00:00;4869.76;4600.17
2026-03-24 09:15:00;5442.62;4476.17
2026-03-24 09:30:00;5922.94;4377.07
2026-03-24 09:45:00;6407.82;4302.53
2026-03-24 10:00:00;6938.33;4301.23
2026-03-24 10:15:00;7444.54;4360.53
2026-03-24 10:30:00;7910.67;4432.99
2026-03-24 10:45:00;8171.56;4343.72
2026-03-24 11:00:00;8492.68;4522.51
2026-03-24 11:15:00;8768.33;4555.17
2026-03-24 11:30:00;8827.92;4505.04
2026-03-24 11:45:00;8969.25;4682.75
2026-03-24 12:00:00;8959.84;4791.09
2026-03-24 12:15:00;8774.59;4724.76
2026-03-24 12:30:00;8710.18;4865.15
2026-03-24 12:45:00;8603.88;4798.69
2026-03-24 13:00:00;8449.77;4984.26
2026-03-24 13:15:00;8441.05;5079.24
2026-03-24 13:30:00;8129.59;5240.39
2026-03-24 13:45:00;7934.32;5328.89
2026-03-24 14:00:00;7575.42;5517.38
2026-03-24 14:15:00;7294.87;5737.28
2026-03-24 14:30:00;6912.44;5994.07
2026-03-24 14:45:00;6417.63;6198.13
2026-03-24 15:00:00;5983.41;6403.52
2026-03-24 15:15:00;5480.56;6691.13
2026-03-24 15:30:00;4905.16;6961.98
2026-03-24 15:45:00;4293.37;7139.2
2026-03-24 16:00:00;3687.88;7018.77
2026-03-24 16:15:00;3111.76;6809.51
2026-03-24 16:30:00;2630.15;6566.87
2026-03-24 16:45:00;2108.02;6465.62
2026-03-24 17:00:00;1606.26;6484.15
2026-03-24 17:15:00;1170.73;6476.15
2026-03-24 17:30:00;801.19;6475.98
2026-03-24 17:45:00;511.78;6551.32
2026-03-24 18:00:00;264.1;6715.75
2026-03-24 18:15:00;100.79;6960.14
2026-03-24 18:30:00;29.5;7251.06
2026-03-24 18:45:00;13.17;7552.81
2026-03-24 19:00:00;14.66;7820.4
2026-03-24 19:15:00;15.32;8134.3
2026-03-24 19:30:00;14.23;8448.94
2026-03-24 19:45:00;11.38;8718.5
2026-03-24 20:00:00;10.18;9005.44
2026-03-24 20:15:00;5.81;9229.82
2026-03-24 20:30:00;5.04;9398.27
2026-03-24 20:45:00;3.65;9518.29
2026-03-24 21:00:00;3.65;9639.81
2026-03-24 21:15:00;2.38;9718.71
2026-03-24 21:30:00;2.99;9959.73
2026-03-24 21:45:00;3.05;10069.71
2026-03-24 22:00:00;5.36;9691.18
2026-03-24 22:15:00;3.8;9699.85
2026-03-24 22:30:00;2.79;9781.04
2026-03-24 22:45:00;1.88;9803.64
2026-03-24 23:00:00;1.52;9782.29
2026-03-24 23:15:00;1.5;9782.77
2026-03-24 23:30:00;1.51;9741.97
2026-03-24 23:45:00;1.5;9651.9
2026-03-25 00:00:00;1.65;9748.91
2026-03-25 00:15:00;1.65;9808.56
2026-03-25 00:30:00;1.48;9816.65
2026-03-25 00:45:00;1.48;9788.96
2026-03-25 01:00:00;1.59;9750.56
2026-03-25 01:15:00;1.56;9743.83
2026-03-25 01:30:00;1.55;9777.86
2026-03-25 01:45:00;1.63;9755.78
2026-03-25 02:00:00;1.56;9678.09
2026-03-25 02:15:00;1.55;9605.57
2026-03-25 02:30:00;1.57;9592.76
2026-03-25 02:45:00;2.74;9541.53
2026-03-25 03:00:00;1.48;9566.61
2026-03-25 03:15:00;1.44;9447.92
2026-03-25 03:30:00;1.5;9419.78
2026-03-25 03:45:00;1.55;9601.73
2026-03-25 04:00:00;1.52;9728.45
2026-03-25 04:15:00;1.49;9754.34
2026-03-25 04:30:00;1.52;9759.97
2026-03-25 04:45:00;1.5;9931.85
2026-03-25 05:00:00;1.47;10286.33
2026-03-25 05:15:00;1.63;10426.62
2026-03-25 05:30:00;1.9;10667.54
2026-03-25 05:45:00;2.33;10868.9
2026-03-25 06:00:00;7.22;11374.14
2026-03-25 06:15:00;56.79;11371.55
2026-03-25 06:30:00;229.32;11404.29
2026-03-25 06:45:00;464.19;11419.65
2026-03-25 07:00:00;775.47;11376.23
2026-03-25 07:15:00;1097.87;11566.51
2026-03-25 07:30:00;1468.74;11639.82
2026-03-25 07:45:00;1845.65;11585.56
2026-03-25 08:00:00;2185.78;11396.06
2026-03-25 08:15:00;2521.87;11108.17
2026-03-25 08:30:00;2823.07;10875.43
2026-03-25 08:45:00;3118.64;10797.61
2026-03-25 09:00:00;3378.3;10659.59
2026-03-25 09:15:00;3494.09;10428.57
2026-03-25 09:30:00;3698.56;10334.73
2026-03-25 09:45:00;3909.18;10200.32
2026-03-25 10:00:00;4066.13;10179.51
2026-03-25 10:15:00;4176.27;10196.48
2026-03-25 10:30:00;4201.83;10043.22
2026-03-25 10:45:00;4255.98;9995.31
2026-03-25 11:00:00;4278.99;10022.61
2026-03-25 11:15:00;4361.76;9783.14
2026-03-25 11:30:00;4332.84;9590.64
2026-03-25 11:45:00;4352.7;9424.69
2026-03-25 12:00:00;4394.2;9269.65
2026-03-25 12:15:00;4407.53;9077.69
2026-03-25 12:30:00;4391.93;8764.56
2026-03-25 12:45:00;4346.12;8573.81
2026-03-25 13:00:00;4375.05;8291.38
2026-03-25 13:15:00;4352.25;8223.98
2026-03-25 13:30:00;4310.92;8063.89
2026-03-25 13:45:00;4274.31;7852.88
2026-03-25 14:00:00;4311.89;7814.35
2026-03-25 14:15:00;4310.88;7789.75
2026-03-25 14:30:00;4280.13;7599.66
2026-03-25 14:45:00;4077.65;7430.42
2026-03-25 15:00:00;3892.26;7317.8
2026-03-25 15:15:00;3731.85;7141.7
2026-03-25 15:30:00;3370.18;7020.65
2026-03-25 15:45:00;3005.7;6855.66
2026-03-25 16:00:00;2661.12;6673.07
2026-03-25 16:15:00;2389.75;6438.24
2026-03-25 16:30:00;2043.95;6328.26
2026-03-25 16:45:00;1684.69;6183.42
2026-03-25 17:00:00;1358.69;6117.66
2026-03-25 17:15:00;1062.32;5988.91
2026-03-25 17:30:00;735.32;5820.59
2026-03-25 17:45:00;453.31;5596.03
2026-03-25 18:00:00;240.51;5487.77
2026-03-25 18:15:00;106.13;5529.14
2026-03-25 18:30:00;51.15;5571.79
2026-03-25 18:45:00;32.51;5558.29
2026-03-25 19:00:00;17.93;5427.21
2026-03-25 19:15:00;13.89;5409.91
2026-03-25 19:30:00;19.22;5419.95
2026-03-25 19:45:00;13.17;5443.71
2026-03-25 20:00:00;23.03;5460.3
2026-03-25 20:15:00;7.84;5506.86
2026-03-25 20:30:00;3.78;5478.79
2026-03-25 20:45:00;2.83;5380.58
2026-03-25 21:00:00;7.73;5398.71
2026-03-25 21:15:00;5.53;5426.88
2026-03-25 21:30:00;3.31;5456.42
2026-03-25 21:45:00;2.11;5539.21
2026-03-25 22:00:00;5.4;5391.23
2026-03-25 22:15:00;2.13;5412.92
2026-03-25 22:30:00;2.1;5410.23
2026-03-25 22:45:00;2.5;5387.35
2026-03-25 23:00:00;2.35;5445.69
2026-03-25 23:15:00;2.06;5457.89
2026-03-25 23:30:00;2.21;5387.01
2026-03-25 23:45:00;2.2;5342.41
2026-03-26 00:00:00;1.93;5281.15
2026-03-26 00:15:00;1.95;5322.11
2026-03-26 00:30:00;1.93;5405.98
2026-03-26 00:45:00;2.24;5462.42
2026-03-26 01:00:00;2.27;5393.09
2026-03-26 01:15:00;2.27;5308.62
2026-03-26 01:30:00;2.29;5312.64
2026-03-26 01:45:00;2.35;5308.06
2026-03-26 02:00:00;2.34;5478.19
2026-03-26 02:15:00;2.55;5590.48
2026-03-26 02:30:00;2.42;5639.72
2026-03-26 02:45:00;2.38;5566.93
2026-03-26 03:00:00;2.36;5600.47
2026-03-26 03:15:00;2.52;5618.87
2026-03-26 03:30:00;2.38;5650.38
2026-03-26 03:45:00;2.59;5722.94
2026-03-26 04:00:00;2.36;5704.77
2026-03-26 04:15:00;2.36;5665.23
2026-03-26 04:30:00;2.37;5604.78
2026-03-26 04:45:00;2.4;5503.02
2026-03-26 05:00:00;2.31;5509.06
2026-03-26 05:15:00;1.96;5470.76
2026-03-26 05:30:00;1.92;5448.76
2026-03-26 05:45:00;2.62;5409.18
2026-03-26 06:00:00;10.79;5563.27
2026-03-26 06:15:00;61.34;5535.8
2026-03-26 06:30:00;198.09;5492.99
2026-03-26 06:45:00;419.7;5269.46
2026-03-26 07:00:00;720.33;5111.78
2026-03-26 07:15:00;1066.5;5090.89
2026-03-26 07:30:00;1442.77;5117.2
2026-03-26 07:45:00;1845.24;5074.97
2026-03-26 08:00:00;2261.59;5137.21
2026-03-26 08:15:00;2709.98;5277.66
2026-03-26 08:30:00;3135.7;5474.4
2026-03-26 08:45:00;3473.15;5646.4
2026-03-26 09:00:00;3793.46;5712.81
2026-03-26 09:15:00;4091.98;5791.51
2026-03-26 09:30:00;4312.89;5727.2
2026-03-26 09:45:00;4617.03;5767.4
2026-03-26 10:00:00;4953.04;5849.21
2026-03-26 10:15:00;5307.61;5782.8
2026-03-26 10:30:00;5603.22;5761.53
2026-03-26 10:45:00;5997.7;5770.49
2026-03-26 11:00:00;6331.23;5851.08
2026-03-26 11:15:00;6591.8;5838.06
2026-03-26 11:30:00;6803.48;5728.15
2026-03-26 11:45:00;7003.42;5735.26
2026-03-26 12:00:00;7145.38;5814.84
2026-03-26 12:15:00;7358.39;5780.26
2026-03-26 12:30:00;7564.57;5572.05
2026-03-26 12:45:00;7631.57;5691.23
2026-03-26 13:00:00;7605.64;5764.8
2026-03-26 13:15:00;7520.44;5797.29
2026-03-26 13:30:00;7542.01;5776.44
2026-03-26 13:45:00;7470.48;5814.37
2026-03-26 14:00:00;7443.67;5751.92
2026-03-26 14:15:00;7216.52;5694.35
2026-03-26 14:30:00;6993.37;5792.84
2026-03-26 14:45:00;6699.51;5672.31
2026-03-26 15:00:00;6556.2;5565.36
2026-03-26 15:15:00;6197.71;5659.56
2026-03-26 15:30:00;5713.93;5805.7
2026-03-26 15:45:00;5241.9;5859.23
2026-03-26 16:00:00;4797.76;5704.87
2026-03-26 16:15:00;4369.74;5688.44
2026-03-26 16:30:00;3756.05;5635.77
2026-03-26 16:45:00;3125.68;5564.98
2026-03-26 17:00:00;2475.09;5381.96
2026-03-26 17:15:00;1836.52;5128.93
2026-03-26 17:30:00;1279.09;4808.35
2026-03-26 17:45:00;828.44;4460.43
2026-03-26 18:00:00;458.0;4106.76
2026-03-26 18:15:00;189.25;3949.2
2026-03-26 18:30:00;53.44;3962.27
2026-03-26 18:45:00;23.08;3853.23
2026-03-26 19:00:00;12.81;3623.91
2026-03-26 19:15:00;11.79;3599.63
2026-03-26 19:30:00;13.08;3659.57
2026-03-26 19:45:00;11.54;3683.07
2026-03-26 20:00:00;25.26;3784.41
2026-03-26 20:15:00;4.35;3843.92
2026-03-26 20:30:00;3.35;3890.38
2026-03-26 20:45:00;2.83;3922.07
2026-03-26 21:00:00;2.61;3992.13
2026-03-26 21:15:00;2.83;4089.61
2026-03-26 21:30:00;2.24;4133.28
2026-03-26 21:45:00;2.24;4150.67
2026-03-26 22:00:00;2.25;4087.21
2026-03-26 22:15:00;2.39;4084.95
2026-03-26 22:30:00;2.55;4083.64
2026-03-26 22:45:00;2.27;4092.76
2026-03-26 23:00:00;2.62;4072.08
2026-03-26 23:15:00;1.86;4019.22
2026-03-26 23:30:00;1.71;3987.99
2026-03-26 23:45:00;1.44;3894.41
2026-03-27 00:00:00;1.43;3795.1
2026-03-27 00:15:00;1.4;3687.5
2026-03-27 00:30:00;1.45;3616.39
2026-03-27 00:45:00;1.57;3560.98
2026-03-27 01:00:00;1.45;3526.11
2026-03-27 01:15:00;1.73;3443.75
2026-03-27 01:30:00;2.2;3357.65
2026-03-27 01:45:00;2.17;3281.17
2026-03-27 02:00:00;2.26;3190.75
2026-03-27 02:15:00;2.29;3086.49
2026-03-27 02:30:00;2.3;2994.25
2026-03-27 02:45:00;2.41;2905.51
2026-03-27 03:00:00;2.78;2841.51
2026-03-27 03:15:00;2.76;2754.67
2026-03-27 03:30:00;3.37;2627.52
2026-03-27 03:45:00;2.9;2569.38
2026-03-27 04:00:00;2.84;2522.54
2026-03-27 04:15:00;2.8;2494.95
2026-03-27 04:30:00;2.79;2445.66
2026-03-27 04:45:00;2.76;2357.44
2026-03-27 05:00:00;2.72;2295.92
2026-03-27 05:15:00;2.63;2263.91
2026-03-27 05:30:00;2.72;2202.45
2026-03-27 05:45:00;5.85;2152.95
2026-03-27 06:00:00;41.75;2113.12
2026-03-27 06:15:00;168.65;2058.18
2026-03-27 06:30:00;467.78;1933.84
2026-03-27 06:45:00;872.55;1777.11
2026-03-27 07:00:00;1394.26;1650.8
2026-03-27 07:15:00;1998.94;1553.22
2026-03-27 07:30:00;2670.68;1416.45
2026-03-27 07:45:00;3402.09;1258.86
2026-03-27 08:00:00;4200.5;1115.02
2026-03-27 08:15:00;4943.52;982.13
2026-03-27 08:30:00;5703.09;889.56
2026-03-27 08:45:00;6371.59;844.13
2026-03-27 09:00:00;7068.4;844.51
2026-03-27 09:15:00;7597.33;844.42
2026-03-27 09:30:00;8137.23;880.32
2026-03-27 09:45:00;8569.17;917.31
2026-03-27 10:00:00;8896.77;985.76
2026-03-27 10:15:00;9048.33;1076.73
2026-03-27 10:30:00;9129.27;1146.9
2026-03-27 10:45:00;9239.02;1221.75
2026-03-27 11:00:00;9310.86;1274.24
2026-03-27 11:15:00;9307.32;1306.56
2026-03-27 11:30:00;9333.15;1371.48
2026-03-27 11:45:00;9377.13;1383.91
2026-03-27 12:00:00;9407.28;1404.2
2026-03-27 12:15:00;9470.26;1427.62
2026-03-27 12:30:00;9535.34;1472.05
2026-03-27 12:45:00;9490.07;1481.54
2026-03-27 13:00:00;9307.32;1478.88
2026-03-27 13:15:00;9278.0;1492.46
2026-03-27 13:30:00;9030.62;1430.11
2026-03-27 13:45:00;8923.48;1419.33
2026-03-27 14:00:00;8798.76;1496.42
2026-03-27 14:15:00;8536.57;1468.1
2026-03-27 14:30:00;8215.19;1515.95
2026-03-27 14:45:00;7775.19;1516.6
2026-03-27 15:00:00;7490.06;1579.78
2026-03-27 15:15:00;7017.64;1607.28
2026-03-27 15:30:00;6523.89;1584.08
2026-03-27 15:45:00;5964.96;1568.48
2026-03-27 16:00:00;5359.83;1573.25
2026-03-27 16:15:00;4710.54;1551.21
2026-03-27 16:30:00;3981.21;1555.54
2026-03-27 16:45:00;3239.42;1551.08
2026-03-27 17:00:00;2545.78;1511.21
2026-03-27 17:15:00;1908.42;1494.37
2026-03-27 17:30:00;1350.64;1439.49
2026-03-27 17:45:00;875.96;1419.02
2026-03-27 18:00:00;478.59;1416.74
2026-03-27 18:15:00;215.07;1467.42
2026-03-27 18:30:00;81.54;1571.38
2026-03-27 18:45:00;44.47;1680.39
2026-03-27 19:00:00;37.71;1829.5
2026-03-27 19:15:00;32.28;1997.06
2026-03-27 19:30:00;25.08;2194.49
2026-03-27 19:45:00;10.67;2388.1
2026-03-27 20:00:00;17.12;2575.47
2026-03-27 20:15:00;5.57;2799.99
2026-03-27 20:30:00;3.53;3018.83
2026-03-27 20:45:00;3.17;3179.31
2026-03-27 21:00:00;4.54;3313.73
2026-03-27 21:15:00;3.56;3471.95
2026-03-27 21:30:00;3.85;3628.08
2026-03-27 21:45:00;3.21;3730.36
2026-03-27 22:00:00;5.05;3675.93
2026-03-27 22:15:00;3.8;3815.33
2026-03-27 22:30:00;3.48;3979.38
2026-03-27 22:45:00;3.14;4117.3
2026-03-27 23:00:00;3.19;4266.99
2026-03-27 23:15:00;2.87;4385.54
2026-03-27 23:30:00;3.04;4519.86
2026-03-27 23:45:00;2.79;4617.05
2026-03-28 00:00:00;3.26;4673.12
2026-03-28 00:15:00;2.91;4741.2
2026-03-28 00:30:00;3.57;4830.55
2026-03-28 00:45:00;2.32;4883.04
2026-03-28 01:00:00;2.16;4935.87
2026-03-28 01:15:00;1.96;4973.15
2026-03-28 01:30:00;4.45;5002.09
2026-03-28 01:45:00;2.03;4993.07
2026-03-28 02:00:00;2.02;4971.21
2026-03-28 02:15:00;2.41;4958.95
2026-03-28 02:30:00;2.0;4927.08
2026-03-28 02:45:00;1.98;4876.78
2026-03-28 03:00:00;1.97;4829.22
2026-03-28 03:15:00;1.95;4780.45
2026-03-28 03:30:00;2.46;4767.45
2026-03-28 03:45:00;3.07;4763.82
2026-03-28 04:00:00;2.77;4761.26
2026-03-28 04:15:00;2.78;4698.88
2026-03-28 04:30:00;3.2;4624.14
2026-03-28 04:45:00;2.79;4532.2
2026-03-28 05:00:00;2.82;4472.55
2026-03-28 05:15:00;2.75;4401.53
2026-03-28 05:30:00;3.71;4331.48
2026-03-28 05:45:00;8.97;4255.12
2026-03-28 06:00:00;56.06;4238.75
2026-03-28 06:15:00;251.44;4156.41
2026-03-28 06:30:00;582.36;4061.68
2026-03-28 06:45:00;994.5;3943.03
2026-03-28 07:00:00;1480.81;3785.4
2026-03-28 07:15:00;2022.9;3677.84
2026-03-28 07:30:00;2609.93;3534.23
2026-03-28 07:45:00;3231.4;3320.04
2026-03-28 08:00:00;3837.96;3035.61
2026-03-28 08:15:00;4429.55;2804.55
2026-03-28 08:30:00;4989.95;2556.16
2026-03-28 08:45:00;5459.81;2379.45
2026-03-28 09:00:00;5982.34;2352.59
2026-03-28 09:15:00;6372.19;2369.41
2026-03-28 09:30:00;6558.86;2350.68
2026-03-28 09:45:00;6753.74;2428.07
2026-03-28 10:00:00;6809.05;2476.22
2026-03-28 10:15:00;6931.34;2479.85
2026-03-28 10:30:00;7089.39;2521.41
2026-03-28 10:45:00;7157.82;2543.5
2026-03-28 11:00:00;7091.99;2521.65
2026-03-28 11:15:00;7135.31;2615.18
2026-03-28 11:30:00;7081.55;2665.8
2026-03-28 11:45:00;7066.19;2669.24
2026-03-28 12:00:00;6972.96;2660.02
2026-03-28 12:15:00;6876.24;2745.34
2026-03-28 12:30:00;6700.22;2703.08
2026-03-28 12:45:00;6563.12;2692.56
2026-03-28 13:00:00;6324.31;2667.94
2026-03-28 13:15:00;6123.52;2655.74
2026-03-28 13:30:00;5857.07;2718.38
2026-03-28 13:45:00;5582.1;2657.91
2026-03-28 14:00:00;5391.33;2914.08
2026-03-28 14:15:00;5135.38;2951.14
2026-03-28 14:30:00;4822.73;2939.22
2026-03-28 14:45:00;4530.47;2955.86
2026-03-28 15:00:00;4270.62;2978.18
2026-03-28 15:15:00;3990.02;2981.91
2026-03-28 15:30:00;3663.26;2879.24
2026-03-28 15:45:00;3329.37;2805.86
2026-03-28 16:00:00;2940.2;2761.18
2026-03-28 16:15:00;2557.76;2744.68
2026-03-28 16:30:00;2189.42;2705.81
2026-03-28 16:45:00;1807.5;2682.47
2026-03-28 17:00:00;1459.0;2651.48
2026-03-28 17:15:00;1126.13;2524.54
2026-03-28 17:30:00;814.04;2390.78
2026-03-28 17:45:00;544.21;2252.67
2026-03-28 18:00:00;311.37;2185.37
2026-03-28 18:15:00;144.11;2135.43
2026-03-28 18:30:00;73.12;2159.37
2026-03-28 18:45:00;31.51;2122.05
2026-03-28 19:00:00;31.32;2065.98
2026-03-28 19:15:00;26.82;2027.67
2026-03-28 19:30:00;30.8;2004.17
2026-03-28 19:45:00;24.13;1991.25
2026-03-28 20:00:00;34.28;2079.24
2026-03-28 20:15:00;12.14;2154.75
2026-03-28 20:30:00;9.94;2254.5
2026-03-28 20:45:00;4.99;2320.01
2026-03-28 21:00:00;7.82;2391.5
2026-03-28 21:15:00;4.89;2433.05
2026-03-28 21:30:00;3.09;2505.94
2026-03-28 21:45:00;2.89;2622.76
2026-03-28 22:00:00;4.08;2682.34
2026-03-28 22:15:00;3.2;2706.4
2026-03-28 22:30:00;2.92;2737.32
2026-03-28 22:45:00;3.0;2815.51
2026-03-28 23:00:00;3.22;2831.01
2026-03-28 23:15:00;2.95;2815.4
2026-03-28 23:30:00;3.11;2793.67
2026-03-28 23:45:00;3.22;2708.78
2026-03-29 00:00:00;3.0;2676.77
2026-03-29 00:15:00;4.2;2652.46
2026-03-29 00:30:00;3.77;2614.67
2026-03-29 00:45:00;2.96;2595.15
2026-03-29 01:00:00;2.99;2635.1
2026-03-29 01:15:00;2.98;2680.2
2026-03-29 01:30:00;2.92;2700.74
2026-03-29 01:45:00;2.92;2712.74
2026-03-29 03:00:00;2.49;2719.97
2026-03-29 03:15:00;2.15;2729.76
2026-03-29 03:30:00;2.26;2731.7
2026-03-29 03:45:00;2.25;2717.05
2026-03-29 04:00:00;2.28;2682.96
2026-03-29 04:15:00;2.83;2617.37
2026-03-29 04:30:00;2.85;2545.13
2026-03-29 04:45:00;4.58;2495.74
2026-03-29 05:00:00;5.33;2496.49
2026-03-29 05:15:00;4.28;2513.11
2026-03-29 05:30:00;3.07;2522.57
2026-03-29 05:45:00;3.0;2521.82
2026-03-29 06:00:00;2.98;2518.0
2026-03-29 06:15:00;2.96;2490.11
2026-03-29 06:30:00;3.36;2450.74
2026-03-29 06:45:00;7.01;2365.23
2026-03-29 07:00:00;31.06;2271.53
2026-03-29 07:15:00;137.27;2194.77
2026-03-29 07:30:00;343.46;2083.62
2026-03-29 07:45:00;620.46;1993.44
2026-03-29 08:00:00;965.77;1922.39
2026-03-29 08:15:00;1391.92;1864.03
2026-03-29 08:30:00;1896.19;1834.65
2026-03-29 08:45:00;2427.23;1751.32
2026-03-29 09:00:00;2991.8;1576.4
2026-03-29 09:15:00;3570.05;1415.36
2026-03-29 09:30:00;4129.1;1307.24
2026-03-29 09:45:00;4681.41;1287.05
2026-03-29 10:00:00;5198.93;1304.55
2026-03-29 10:15:00;5619.97;1348.77
2026-03-29 10:30:00;6058.46;1409.93
2026-03-29 10:45:00;6405.42;1474.74
2026-03-29 11:00:00;6679.54;1552.75
2026-03-29 11:15:00;6921.26;1636.08
2026-03-29 11:30:00;7124.57;1692.82
2026-03-29 11:45:00;7329.05;1757.46
2026-03-29 12:00:00;7553.2;1843.34
2026-03-29 12:15:00;7842.73;1908.0
2026-03-29 12:30:00;8053.96;1943.19
2026-03-29 12:45:00;8168.81;1979.91
2026-03-29 13:00:00;8101.82;1924.77
2026-03-29 13:15:00;8108.31;2000.49
2026-03-29 13:30:00;7988.38;2004.49
2026-03-29 13:45:00;7873.77;1944.19
2026-03-29 14:00:00;7899.78;2028.93
2026-03-29 14:15:00;7695.14;2132.78
2026-03-29 14:30:00;7551.1;2188.95
2026-03-29 14:45:00;7351.0;2323.34
2026-03-29 15:00:00;7209.26;2549.17
2026-03-29 15:15:00;6993.71;2894.86
2026-03-29 15:30:00;6651.22;2968.7
2026-03-29 15:45:00;6351.43;3071.48
2026-03-29 16:00:00;5976.54;3473.87
2026-03-29 16:15:00;5706.01;3830.65
2026-03-29 16:30:00;5235.04;3924.69
2026-03-29 16:45:00;4711.51;3959.59
2026-03-29 17:00:00;4167.11;4019.18
2026-03-29 17:15:00;3590.79;4014.01
2026-03-29 17:30:00;3054.15;4009.9
2026-03-29 17:45:00;2457.14;3958.31
2026-03-29 18:00:00;1911.9;3952.37
2026-03-29 18:15:00;1421.24;3913.04
2026-03-29 18:30:00;959.22;3950.46
2026-03-29 18:45:00;580.49;4029.89
2026-03-29 19:00:00;309.33;4078.72
2026-03-29 19:15:00;148.17;4252.94
2026-03-29 19:30:00;53.56;4543.35
2026-03-29 19:45:00;27.01;4862.36
2026-03-29 20:00:00;23.23;5203.45
2026-03-29 20:15:00;10.14;5605.85
2026-03-29 20:30:00;7.36;6042.89
2026-03-29 20:45:00;6.49;6401.94
2026-03-29 21:00:00;3.84;6715.33
2026-03-29 21:15:00;4.0;7166.47
2026-03-29 21:30:00;3.03;7562.76
2026-03-29 21:45:00;3.04;7839.5
2026-03-29 22:00:00;3.33;7710.2
2026-03-29 22:15:00;3.23;8011.29
2026-03-29 22:30:00;2.9;8212.61
2026-03-29 22:45:00;2.38;8382.42
2026-03-29 23:00:00;3.49;8562.14
2026-03-29 23:15:00;2.09;8720.22
2026-03-29 23:30:00;2.33;8774.76
2026-03-29 23:45:00;1.96;8862.43
2026-03-30 00:00:00;1.95;8832.04
2026-03-30 00:15:00;2.0;8921.17
2026-03-30 00:30:00;2.0;9131.31
2026-03-30 00:45:00;2.02;9019.99
2026-03-30 01:00:00;2.21;9165.84
2026-03-30 01:15:00;2.01;9121.77
2026-03-30 01:30:00;2.01;9116.37
2026-03-30 01:45:00;1.97;9180.57
2026-03-30 02:00:00;1.95;8879.96
2026-03-30 02:15:00;1.95;8815.64
2026-03-30 02:30:00;1.83;8784.84
2026-03-30 02:45:00;1.77;8688.42
2026-03-30 03:00:00;1.82;8772.78
2026-03-30 03:15:00;1.81;8660.65
2026-03-30 03:30:00;1.85;8661.17
2026-03-30 03:45:00;1.95;8596.24
2026-03-30 04:00:00;1.95;8579.56
2026-03-30 04:15:00;1.94;8479.34
2026-03-30 04:30:00;1.94;8282.53
2026-03-30 04:45:00;2.39;8226.83
2026-03-30 05:00:00;2.03;8179.58
2026-03-30 05:15:00;2.17;8177.12
2026-03-30 05:30:00;1.98;8218.17
2026-03-30 05:45:00;2.06;8344.13
2026-03-30 06:00:00;2.72;8653.57
2026-03-30 06:15:00;2.7;8569.6
2026-03-30 06:30:00;3.39;8505.27
2026-03-30 06:45:00;4.43;8374.43
2026-03-30 07:00:00;17.5;8365.3
2026-03-30 07:15:00;82.7;8195.21
2026-03-30 07:30:00;200.06;7986.75
2026-03-30 07:45:00;345.35;7762.97
2026-03-30 08:00:00;554.94;7505.09
2026-03-30 08:15:00;738.46;7282.0
2026-03-30 08:30:00;921.14;7095.75
2026-03-30 08:45:00;1180.22;6975.11
2026-03-30 09:00:00;1506.81;6806.93
2026-03-30 09:15:00;1863.39;6649.43
2026-03-30 09:30:00;2260.45;6559.28
2026-03-30 09:45:00;2743.29;6564.91
2026-03-30 10:00:00;3253.21;6535.4
2026-03-30 10:15:00;3739.93;6467.51
2026-03-30 10:30:00;4109.42;6524.54
2026-03-30 10:45:00;4471.02;6538.68
2026-03-30 11:00:00;4714.71;6529.12
2026-03-30 11:15:00;4904.36;6554.83
2026-03-30 11:30:00;5200.4;6538.81
2026-03-30 11:45:00;5421.34;6478.97
2026-03-30 12:00:00;5637.77;6416.12
2026-03-30 12:15:00;5948.06;6347.06
2026-03-30 12:30:00;6208.43;6153.58
2026-03-30 12:45:00;6410.85;6010.38
2026-03-30 13:00:00;6626.24;6035.05
2026-03-30 13:15:00;6769.75;5970.81
2026-03-30 13:30:00;6964.97;5886.63
2026-03-30 13:45:00;7016.6;5738.63
2026-03-30 14:00:00;7010.41;5754.68
2026-03-30 14:15:00;6969.51;5638.44
2026-03-30 14:30:00;7016.32;5624.77
2026-03-30 14:45:00;6850.0;5325.84
2026-03-30 15:00:00;6672.9;5416.73
2026-03-30 15:15:00;6423.1;5540.47
2026-03-30 15:30:00;6104.91;5512.23
2026-03-30 15:45:00;5863.92;5479.59
2026-03-30 16:00:00;5616.11;5497.14
2026-03-30 16:15:00;5268.42;5536.2
2026-03-30 16:30:00;4893.22;5567.93
2026-03-30 16:45:00;4489.34;5667.21
2026-03-30 17:00:00;4117.4;5717.27
2026-03-30 17:15:00;3763.59;5582.82
2026-03-30 17:30:00;3271.96;5456.03
2026-03-30 17:45:00;2746.84;5433.26
2026-03-30 18:00:00;2222.83;5454.42
2026-03-30 18:15:00;1741.09;5303.54
2026-03-30 18:30:00;1286.39;5223.03
2026-03-30 18:45:00;839.19;5065.02
2026-03-30 19:00:00;504.04;4824.5
2026-03-30 19:15:00;235.47;4661.6
2026-03-30 19:30:00;82.0;4637.44
2026-03-30 19:45:00;23.41;4622.39
2026-03-30 20:00:00;16.77;4572.7
2026-03-30 20:15:00;15.92;4450.31
2026-03-30 20:30:00;14.05;4290.67
2026-03-30 20:45:00;11.4;4277.11
2026-03-30 21:00:00;17.11;4359.38
2026-03-30 21:15:00;8.06;4420.45
2026-03-30 21:30:00;4.63;4421.73
2026-03-30 21:45:00;2.73;4369.53
2026-03-30 22:00:00;11.63;4335.52
2026-03-30 22:15:00;4.75;4435.68
2026-03-30 22:30:00;2.47;4450.74
2026-03-30 22:45:00;2.43;4438.41
2026-03-30 23:00:00;2.8;4475.17
2026-03-30 23:15:00;2.47;4529.68
2026-03-30 23:30:00;4.42;4583.09
2026-03-30 23:45:00;2.3;4617.7
2026-03-31 00:00:00;2.38;4598.72
2026-03-31 00:15:00;2.35;4585.72
2026-03-31 00:30:00;2.33;4599.76
2026-03-31 00:45:00;2.31;4546.04
2026-03-31 01:00:00;2.34;4515.13
2026-03-31 01:15:00;2.37;4477.84
2026-03-31 01:30:00;2.41;4439.25
2026-03-31 01:45:00;2.42;4368.26
2026-03-31 02:00:00;2.37;4309.8
2026-03-31 02:15:00;2.4;4285.44
2026-03-31 02:30:00;2.41;4245.08
2026-03-31 02:45:00;2.42;4202.19
2026-03-31 03:00:00;2.51;4190.32
2026-03-31 03:15:00;2.51;4193.68
2026-03-31 03:30:00;2.55;4197.07
2026-03-31 03:45:00;2.54;4246.31
2026-03-31 04:00:00;2.55;4249.04
2026-03-31 04:15:00;2.49;4266.56
2026-03-31 04:30:00;2.5;4238.8
2026-03-31 04:45:00;2.16;4214.48
2026-03-31 05:00:00;2.12;4246.7
2026-03-31 05:15:00;2.09;4237.22
2026-03-31 05:30:00;2.11;4128.18
2026-03-31 05:45:00;2.45;4099.08
2026-03-31 06:00:00;3.08;4137.16
2026-03-31 06:15:00;3.21;4087.53
2026-03-31 06:30:00;4.41;4017.35
2026-03-31 06:45:00;9.64;3968.93
2026-03-31 07:00:00;36.58;3911.86
2026-03-31 07:15:00;134.74;3884.2
2026-03-31 07:30:00;321.22;3825.41
2026-03-31 07:45:00;546.31;3726.99
2026-03-31 08:00:00;855.86;3655.58
2026-03-31 08:15:00;1162.83;3576.0
2026-03-31 08:30:00;1502.57;3477.31
2026-03-31 08:45:00;1883.47;3378.39
2026-03-31 09:00:00;2308.93;3270.77
2026-03-31 09:15:00;2752.24;3163.63
2026-03-31 09:30:00;3234.91;3181.02
2026-03-31 09:45:00;3696.1;3222.83
2026-03-31 10:00:00;4156.46;3270.2
2026-03-31 10:15:00;4537.97;3331.3
2026-03-31 10:30:00;4910.59;3450.04
2026-03-31 10:45:00;5200.74;3608.36
2026-03-31 11:00:00;5436.19;3794.94
2026-03-31 11:15:00;5582.66;3906.29
2026-03-31 11:30:00;5706.08;4048.57
2026-03-31 11:45:00;5889.05;4219.66
2026-03-31 12:00:00;6085.4;4351.01
2026-03-31 12:15:00;6266.82;4473.77
2026-03-31 12:30:00;6518.79;4508.79
2026-03-31 12:45:00;6692.04;4606.67
2026-03-31 13:00:00;6793.67;4667.58
2026-03-31 13:15:00;6897.12;4839.18
2026-03-31 13:30:00;6931.01;4809.76
2026-03-31 13:45:00;6904.84;4837.63
2026-03-31 14:00:00;6898.76;5033.63
2026-03-31 14:15:00;6896.32;5016.85
2026-03-31 14:30:00;6780.7;5037.14
2026-03-31 14:45:00;6733.66;5092.18
2026-03-31 15:00:00;6576.29;4997.75
2026-03-31 15:15:00;6420.27;5003.26
2026-03-31 15:30:00;6188.35;5119.13
2026-03-31 15:45:00;5939.36;5107.92
2026-03-31 16:00:00;5600.71;5120.78
2026-03-31 16:15:00;5336.47;5067.98
2026-03-31 16:30:00;4930.88;5093.69
2026-03-31 16:45:00;4555.35;4938.69
2026-03-31 17:00:00;4077.68;4864.07
2026-03-31 17:15:00;3578.24;4748.08
2026-03-31 17:30:00;3071.55;4616.33
2026-03-31 17:45:00;2612.71;4437.31
2026-03-31 18:00:00;2130.15;4248.71
2026-03-31 18:15:00;1653.44;4080.71
2026-03-31 18:30:00;1222.93;3789.68
2026-03-31 18:45:00;835.47;3592.8
2026-03-31 19:00:00;510.34;3456.43
2026-03-31 19:15:00;249.94;3367.86
2026-03-31 19:30:00;85.06;3354.56
2026-03-31 19:45:00;26.58;3238.79
2026-03-31 20:00:00;12.64;3117.46
2026-03-31 20:15:00;6.64;3058.58
2026-03-31 20:30:00;5.48;2954.8
2026-03-31 20:45:00;3.65;2910.36
2026-03-31 21:00:00;9.33;2821.27
2026-03-31 21:15:00;4.58;2735.09
2026-03-31 21:30:00;2.79;2681.72
2026-03-31 21:45:00;2.8;2601.07
2026-03-31 22:00:00;4.04;2489.51
2026-03-31 22:15:00;4.39;2456.51
2026-03-31 22:30:00;3.43;2378.64
2026-03-31 22:45:00;4.31;2306.49
2026-03-31 23:00:00;3.41;2222.52
2026-03-31 23:15:00;3.13;2111.86
2026-03-31 23:30:00;2.96;2020.83
2026-03-31 23:45:00;2.78;1909.71
2026-04-01 00:00:00;0.0;1775.22
2026-04-01 00:15:00;0.0;1679.75
2026-04-01 00:30:00;0.0;1612.19
2026-04-01 00:45:00;0.0;1524.23
2026-04-01 01:00:00;0.0;1452.92
2026-04-01 01:15:00;0.0;1367.3
2026-04-01 01:30:00;0.0;1290.7
2026-04-01 01:45:00;0.0;1232.75
2026-04-01 02:00:00;0.0;1183.83
2026-04-01 02:15:00;0.0;1142.05
2026-04-01 02:30:00;0.0;1092.91
2026-04-01 02:45:00;0.0;1057.53
2026-04-01 03:00:00;0.0;1024.07
2026-04-01 03:15:00;0.0;980.36
2026-04-01 03:30:00;0.0;921.02
2026-04-01 03:45:00;0.0;852.79
2026-04-01 04:00:00;0.0;770.57
2026-04-01 04:15:00;0.0;697.98
2026-04-01 04:30:00;0.0;636.59
2026-04-01 04:45:00;0.0;576.06
2026-04-01 05:00:00;0.0;525.37
2026-04-01 05:15:00;0.0;474.53
2026-04-01 05:30:00;0.0;421.04
2026-04-01 05:45:00;0.0;376.15
2026-04-01 06:00:00;0.0;348.51
2026-04-01 06:15:00;0.0;328.74
2026-04-01 06:30:00;1.04;308.04
2026-04-01 06:45:00;14.61;297.72
2026-04-01 07:00:00;82.33;285.28
2026-04-01 07:15:00;257.36;279.14
2026-04-01 07:30:00;526.54;275.0
2026-04-01 07:45:00;864.95;274.06
2026-04-01 08:00:00;1269.35;274.56
2026-04-01 08:15:00;1744.44;279.76
2026-04-01 08:30:00;2284.81;266.94
2026-04-01 08:45:00;2865.47;247.04
2026-04-01 09:00:00;3463.42;233.08
2026-04-01 09:15:00;4078.3;213.81
2026-04-01 09:30:00;4628.21;207.06
2026-04-01 09:45:00;5151.47;196.21
2026-04-01 10:00:00;5679.73;190.58
2026-04-01 10:15:00;6200.9;191.89
2026-04-01 10:30:00;6588.18;190.25
2026-04-01 10:45:00;7031.26;185.12
2026-04-01 11:00:00;7457.88;178.24
2026-04-01 11:15:00;7770.26;172.19
2026-04-01 11:30:00;8120.18;168.4
2026-04-01 11:45:00;8362.58;165.52
2026-04-01 12:00:00;8628.79;160.21
2026-04-01 12:15:00;8866.6;165.5
2026-04-01 12:30:00;9107.1;163.26
2026-04-01 12:45:00;9226.45;170.33
2026-04-01 13:00:00;9346.44;185.37
2026-04-01 13:15:00;9369.26;198.8
2026-04-01 13:30:00;9415.14;215.71
2026-04-01 13:45:00;9421.01;237.84
2026-04-01 14:00:00;9245.16;254.85
2026-04-01 14:15:00;9185.37;263.54
2026-04-01 14:30:00;9083.38;263.84
2026-04-01 14:45:00;8958.45;280.87
2026-04-01 15:00:00;8745.62;299.16
2026-04-01 15:15:00;8517.79;318.79
2026-04-01 15:30:00;8263.75;326.45
2026-04-01 15:45:00;7886.9;312.55
2026-04-01 16:00:00;7608.5;324.21
2026-04-01 16:15:00;7153.0;318.06
2026-04-01 16:30:00;6746.16;332.87
2026-04-01 16:45:00;6245.09;324.46
2026-04-01 17:00:00;5657.81;315.61
2026-04-01 17:15:00;5009.12;308.83
2026-04-01 17:30:00;4370.14;300.01
2026-04-01 17:45:00;3739.76;283.97
2026-04-01 18:00:00;3058.57;269.38
2026-04-01 18:15:00;2380.31;255.97
2026-04-01 18:30:00;1747.06;250.41
2026-04-01 18:45:00;1189.81;248.11
2026-04-01 19:00:00;712.25;256.05
2026-04-01 19:15:00;363.88;274.68
2026-04-01 19:30:00;136.42;306.65
2026-04-01 19:45:00;33.04;349.58
2026-04-01 20:00:00;4.65;391.68
2026-04-01 20:15:00;0.21;449.61
2026-04-01 20:30:00;0.19;513.83
2026-04-01 20:45:00;0.18;575.91
2026-04-01 21:00:00;0.17;632.35
2026-04-01 21:15:00;0.16;682.76
2026-04-01 21:30:00;0.0;731.83
2026-04-01 21:45:00;0.0;784.61
2026-04-01 22:00:00;0.0;832.37
2026-04-01 22:15:00;0.0;869.93
2026-04-01 22:30:00;0.0;919.26
2026-04-01 22:45:00;0.0;963.81
2026-04-01 23:00:00;0.0;1013.03
2026-04-01 23:15:00;0.0;1057.35
2026-04-01 23:30:00;0.0;1091.34
2026-04-01 23:45:00;0.0;1117.85
2026-04-02 00:00:00;0.0;1139.64
2026-04-02 00:15:00;0.0;1167.06
2026-04-02 00:30:00;0.0;1195.19
2026-04-02 00:45:00;0.0;1210.11
2026-04-02 01:00:00;0.0;1214.54
2026-04-02 01:15:00;0.0;1221.09
2026-04-02 01:30:00;0.0;1232.8
2026-04-02 01:45:00;0.0;1255.36
2026-04-02 02:00:00;0.0;1269.47
2026-04-02 02:15:00;0.0;1296.09
2026-04-02 02:30:00;0.0;1320.69
2026-04-02 02:45:00;0.0;1321.91
2026-04-02 03:00:00;0.0;1315.05
2026-04-02 03:15:00;0.0;1324.79
2026-04-02 03:30:00;0.0;1327.52
2026-04-02 03:45:00;0.0;1350.85
2026-04-02 04:00:00;0.0;1361.06
2026-04-02 04:15:00;0.0;1358.28
2026-04-02 04:30:00;0.0;1349.39
2026-04-02 04:45:00;0.0;1356.96
2026-04-02 05:00:00;0.0;1353.08
2026-04-02 05:15:00;0.0;1344.38
2026-04-02 05:30:00;0.0;1323.84
2026-04-02 05:45:00;0.0;1301.75
2026-04-02 06:00:00;0.0;1334.77
2026-04-02 06:15:00;0.03;1338.65
2026-04-02 06:30:00;2.19;1337.66
2026-04-02 06:45:00;25.21;1334.94
2026-04-02 07:00:00;132.84;1333.33
2026-04-02 07:15:00;460.33;1298.03
2026-04-02 07:30:00;905.34;1280.0
2026-04-02 07:45:00;1460.56;1266.58
2026-04-02 08:00:00;2112.68;1249.37
2026-04-02 08:15:00;2793.37;1235.62
2026-04-02 08:30:00;3545.77;1198.67
2026-04-02 08:45:00;4349.65;1109.53
2026-04-02 09:00:00;5177.05;1004.7
2026-04-02 09:15:00;5949.24;903.28
2026-04-02 09:30:00;6678.72;797.53
2026-04-02 09:45:00;7356.63;717.59
2026-04-02 10:00:00;7954.64;650.34
2026-04-02 10:15:00;8564.23;611.01
2026-04-02 10:30:00;9115.33;585.83
2026-04-02 10:45:00;9575.26;569.92
2026-04-02 11:00:00;9906.22;571.61
2026-04-02 11:15:00;10141.19;587.47
2026-04-02 11:30:00;10296.95;615.78
2026-04-02 11:45:00;10445.55;653.7
2026-04-02 12:00:00;10581.13;698.32
2026-04-02 12:15:00;10619.78;736.49
2026-04-02 12:30:00;10608.05;763.0
2026-04-02 12:45:00;10546.83;756.3
2026-04-02 13:00:00;10471.0;782.96
2026-04-02 13:15:00;10387.64;820.28
2026-04-02 13:30:00;10288.68;840.7
2026-04-02 13:45:00;10151.68;862.15
2026-04-02 14:00:00;9967.68;895.74
2026-04-02 14:15:00;9785.23;954.31
2026-04-02 14:30:00;9567.73;1015.27
2026-04-02 14:45:00;9234.83;1077.88
2026-04-02 15:00:00;8870.15;1148.45
2026-04-02 15:15:00;8481.09;1272.42
2026-04-02 15:30:00;8013.47;1368.38
2026-04-02 15:45:00;7481.33;1433.2
2026-04-02 16:00:00;6939.26;1541.65
2026-04-02 16:15:00;6320.44;1657.33
2026-04-02 16:30:00;5746.14;1781.6
2026-04-02 16:45:00;5145.5;1893.55
2026-04-02 17:00:00;4522.8;1988.18
2026-04-02 17:15:00;3914.76;2117.08
2026-04-02 17:30:00;3355.7;2208.39
2026-04-02 17:45:00;2832.66;2292.82
2026-04-02 18:00:00;2306.96;2317.0
2026-04-02 18:15:00;1787.55;2358.63
2026-04-02 18:30:00;1305.14;2362.64
2026-04-02 18:45:00;878.5;2264.35
2026-04-02 19:00:00;521.99;2171.77
2026-04-02 19:15:00;250.0;2157.06
2026-04-02 19:30:00;77.43;2193.53
2026-04-02 19:45:00;16.75;2223.95
2026-04-02 20:00:00;3.81;2172.24
2026-04-02 20:15:00;0.23;2124.25
2026-04-02 20:30:00;0.19;2090.06
2026-04-02 20:45:00;0.18;2068.09
2026-04-02 21:00:00;0.16;2013.37
2026-04-02 21:15:00;0.16;1993.29
2026-04-02 21:30:00;0.0;2022.25
2026-04-02 21:45:00;0.0;2029.25
2026-04-02 22:00:00;0.0;2040.99
2026-04-02 22:15:00;0.0;2029.3
2026-04-02 22:30:00;0.0;2012.98
2026-04-02 22:45:00;0.0;2003.59
2026-04-02 23:00:00;0.0;1980.27
2026-04-02 23:15:00;0.0;2003.4
2026-04-02 23:30:00;0.0;2064.1
2026-04-02 23:45:00;0.0;2075.33
2026-04-03 00:00:00;0.0;2100.16
2026-04-03 00:15:00;0.0;2143.39
2026-04-03 00:30:00;0.0;2150.58
2026-04-03 00:45:00;0.0;2190.87
2026-04-03 01:00:00;0.0;2230.43
2026-04-03 01:15:00;0.0;2267.79
2026-04-03 01:30:00;0.0;2312.82
2026-04-03 01:45:00;0.0;2343.58
2026-04-03 02:00:00;0.0;2344.53
2026-04-03 02:15:00;0.0;2382.1
2026-04-03 02:30:00;0.0;2412.52
2026-04-03 02:45:00;0.0;2394.88
2026-04-03 03:00:00;0.0;2326.31
2026-04-03 03:15:00;0.0;2283.16
2026-04-03 03:30:00;0.0;2258.39
2026-04-03 03:45:00;0.0;2226.66
2026-04-03 04:00:00;0.0;2177.75
2026-04-03 04:15:00;0.0;2156.45
2026-04-03 04:30:00;0.0;2130.1
2026-04-03 04:45:00;0.0;2073.8
2026-04-03 05:00:00;0.0;2060.85
2026-04-03 05:15:00;0.0;2013.32
2026-04-03 05:30:00;0.0;1948.87
2026-04-03 05:45:00;0.0;1914.85
2026-04-03 06:00:00;0.0;1852.24
2026-04-03 06:15:00;0.17;1807.5
2026-04-03 06:30:00;1.49;1750.58
2026-04-03 06:45:00;16.9;1635.32
2026-04-03 07:00:00;118.5;1551.43
2026-04-03 07:15:00;336.65;1508.9
2026-04-03 07:30:00;635.51;1464.33
2026-04-03 07:45:00;999.84;1421.78
2026-04-03 08:00:00;1403.36;1403.77
2026-04-03 08:15:00;1857.37;1376.34
2026-04-03 08:30:00;2373.97;1293.74
2026-04-03 08:45:00;2898.83;1228.02
2026-04-03 09:00:00;3468.27;1219.91
2026-04-03 09:15:00;4094.05;1194.48
2026-04-03 09:30:00;4698.59;1274.08
2026-04-03 09:45:00;5230.69;1390.0
2026-04-03 10:00:00;5620.56;1577.87
2026-04-03 10:15:00;5978.62;1820.44
2026-04-03 10:30:00;6355.9;2041.9
2026-04-03 10:45:00;6742.9;2247.09
2026-04-03 11:00:00;7048.96;2349.16
2026-04-03 11:15:00;7427.0;2410.61
2026-04-03 11:30:00;7728.12;2434.65
2026-04-03 11:45:00;7956.89;2416.22
2026-04-03 12:00:00;8148.72;2354.5
2026-04-03 12:15:00;8280.36;2352.0
2026-04-03 12:30:00;8409.0;2267.58
2026-04-03 12:45:00;8598.59;2139.26
2026-04-03 13:00:00;8692.12;2016.0
2026-04-03 13:15:00;8744.63;1935.1
2026-04-03 13:30:00;8768.85;1925.18
2026-04-03 13:45:00;8699.66;1919.43
2026-04-03 14:00:00;8677.77;1870.73
2026-04-03 14:15:00;8620.2;1888.01
2026-04-03 14:30:00;8466.33;1928.93
2026-04-03 14:45:00;8298.17;2032.51
2026-04-03 15:00:00;8220.45;2240.54
2026-04-03 15:15:00;7996.06;2453.02
2026-04-03 15:30:00;7681.16;2645.92
2026-04-03 15:45:00;7260.74;2848.57
2026-04-03 16:00:00;6816.69;3215.42
2026-04-03 16:15:00;6287.68;3646.6
2026-04-03 16:30:00;5833.88;4038.96
2026-04-03 16:45:00;5362.43;4306.62
2026-04-03 17:00:00;4692.53;4460.8
2026-04-03 17:15:00;4041.3;4793.89
2026-04-03 17:30:00;3351.5;5113.19
2026-04-03 17:45:00;2720.98;5243.99
2026-04-03 18:00:00;2119.13;5274.32
2026-04-03 18:15:00;1600.09;5315.04
2026-04-03 18:30:00;1134.46;5336.99
2026-04-03 18:45:00;750.68;5328.67
2026-04-03 19:00:00;432.21;5314.56
2026-04-03 19:15:00;190.34;5344.26
2026-04-03 19:30:00;47.74;5467.74
2026-04-03 19:45:00;7.47;5696.25
2026-04-03 20:00:00;3.2;5974.73
2026-04-03 20:15:00;2.25;6383.84
2026-04-03 20:30:00;0.11;6728.48
2026-04-03 20:45:00;0.11;7068.96
2026-04-03 21:00:00;0.1;7429.64
2026-04-03 21:15:00;0.09;7755.46
2026-04-03 21:30:00;0.01;7976.71
2026-04-03 21:45:00;0.01;8174.21
2026-04-03 22:00:00;0.01;8044.2
2026-04-03 22:15:00;0.01;8386.4
2026-04-03 22:30:00;0.01;8613.84
2026-04-03 22:45:00;0.01;8830.94
2026-04-03 23:00:00;0.01;8811.05
2026-04-03 23:15:00;0.01;8856.48
2026-04-03 23:30:00;0.0;8883.67
2026-04-03 23:45:00;0.0;8921.0
2026-04-04 00:00:00;0.0;9264.81
2026-04-04 00:15:00;0.0;9500.53
2026-04-04 00:30:00;0.0;9461.9
2026-04-04 00:45:00;0.0;9581.98
2026-04-04 01:00:00;0.0;9621.76
2026-04-04 01:15:00;0.0;9553.77
2026-04-04 01:30:00;0.0;9547.7
2026-04-04 01:45:00;0.0;9444.73
2026-04-04 02:00:00;0.0;9448.57
2026-04-04 02:15:00;0.0;9492.4
2026-04-04 02:30:00;0.0;9479.81
2026-04-04 02:45:00;0.0;9428.15
2026-04-04 03:00:00;0.0;9353.67
2026-04-04 03:15:00;0.0;9375.44
2026-04-04 03:30:00;0.0;9266.2
2026-04-04 03:45:00;0.0;9150.64
2026-04-04 04:00:00;0.0;9140.02
2026-04-04 04:15:00;0.0;9141.36
2026-04-04 04:30:00;0.0;9083.11
2026-04-04 04:45:00;0.0;8957.19
2026-04-04 05:00:00;0.0;8848.98
2026-04-04 05:15:00;0.0;8746.4
2026-04-04 05:30:00;0.0;8622.38
2026-04-04 05:45:00;0.0;8535.55
2026-04-04 06:00:00;0.0;8765.77
2026-04-04 06:15:00;0.23;8614.59
2026-04-04 06:30:00;1.5;8472.81
2026-04-04 06:45:00;14.68;8290.14
2026-04-04 07:00:00;71.76;8123.12
2026-04-04 07:15:00;199.93;7704.17
2026-04-04 07:30:00;375.12;7619.07
2026-04-04 07:45:00;612.39;7528.11
2026-04-04 08:00:00;893.33;7387.18
2026-04-04 08:15:00;1195.52;7224.97
2026-04-04 08:30:00;1502.64;7008.31
2026-04-04 08:45:00;1831.48;6768.15
2026-04-04 09:00:00;2181.97;6740.78
2026-04-04 09:15:00;2582.6;6621.65
2026-04-04 09:30:00;2965.34;6685.72
2026-04-04 09:45:00;3344.33;6691.67
2026-04-04 10:00:00;3779.79;6624.09
2026-04-04 10:15:00;4215.03;6295.04
2026-04-04 10:30:00;4644.01;6222.56
2026-04-04 10:45:00;5026.03;5883.72
2026-04-04 11:00:00;5360.6;5659.47
2026-04-04 11:15:00;5504.16;5620.91
2026-04-04 11:30:00;5789.49;5509.39
2026-04-04 11:45:00;5990.92;5299.56
2026-04-04 12:00:00;6313.51;5310.97
2026-04-04 12:15:00;6527.4;5275.28
2026-04-04 12:30:00;6682.21;5105.28
2026-04-04 12:45:00;6762.7;5068.31
2026-04-04 13:00:00;6852.9;5225.33
2026-04-04 13:15:00;6716.25;5382.8
2026-04-04 13:30:00;6599.74;5267.25
2026-04-04 13:45:00;6609.57;5288.87
2026-04-04 14:00:00;6507.48;5460.45
2026-04-04 14:15:00;6396.72;5473.41
2026-04-04 14:30:00;6290.31;5401.57
2026-04-04 14:45:00;6098.0;5368.26
2026-04-04 15:00:00;6016.35;5333.46
2026-04-04 15:15:00;5884.29;5271.95
2026-04-04 15:30:00;5597.71;5138.65
2026-04-04 15:45:00;5309.58;4927.25
2026-04-04 16:00:00;5010.67;4822.9
2026-04-04 16:15:00;4686.26;4847.08
2026-04-04 16:30:00;4340.85;4854.59
2026-04-04 16:45:00;3974.08;4705.91
2026-04-04 17:00:00;3561.86;4383.22
2026-04-04 17:15:00;3160.92;4222.05
2026-04-04 17:30:00;2744.7;4004.86
2026-04-04 17:45:00;2307.01;3759.13
2026-04-04 18:00:00;1886.53;3523.64
2026-04-04 18:15:00;1481.57;3240.89
2026-04-04 18:30:00;1107.56;3005.34
2026-04-04 18:45:00;795.38;2670.49
2026-04-04 19:00:00;514.71;2392.65
2026-04-04 19:15:00;282.15;2173.93
2026-04-04 19:30:00;108.15;2158.17
2026-04-04 19:45:00;31.55;2224.25
2026-04-04 20:00:00;5.12;2215.54
2026-04-04 20:15:00;3.47;2343.61
2026-04-04 20:30:00;0.59;2480.83
2026-04-04 20:45:00;0.55;2654.25
2026-04-04 21:00:00;0.52;2872.66
2026-04-04 21:15:00;0.49;3176.26
2026-04-04 21:30:00;0.02;3488.15
2026-04-04 21:45:00;0.02;3859.94
2026-04-04 22:00:00;0.01;4131.81
2026-04-04 22:15:00;0.01;4506.32
2026-04-04 22:30:00;0.01;4858.49
2026-04-04 22:45:00;0.01;5246.16
2026-04-04 23:00:00;0.01;5593.7
2026-04-04 23:15:00;0.01;5905.52
2026-04-04 23:30:00;0.01;6224.76
2026-04-04 23:45:00;0.01;6478.3
2026-04-05 00:00:00;0.01;6762.86
2026-04-05 00:15:00;0.01;7054.04
2026-04-05 00:30:00;0.01;7192.54
2026-04-05 00:45:00;0.01;7256.62
2026-04-05 01:00:00;0.01;7231.61
2026-04-05 01:15:00;0.0;7402.76
2026-04-05 01:30:00;0.0;7537.72
2026-04-05 01:45:00;0.0;7577.7
2026-04-05 02:00:00;0.0;7556.92
2026-04-05 02:15:00;0.0;7605.26
2026-04-05 02:30:00;0.0;7637.95
2026-04-05 02:45:00;0.0;7726.23
2026-04-05 03:00:00;0.0;7723.65
2026-04-05 03:15:00;0.0;7742.4
2026-04-05 03:30:00;0.0;7727.1
2026-04-05 03:45:00;0.0;7739.71
2026-04-05 04:00:00;0.0;8007.82
2026-04-05 04:15:00;0.0;7998.36
2026-04-05 04:30:00;0.0;8055.35
2026-04-05 04:45:00;0.0;8076.79
2026-04-05 05:00:00;0.0;8125.22
2026-04-05 05:15:00;0.0;8199.91
2026-04-05 05:30:00;0.0;8315.21
2026-04-05 05:45:00;0.0;8403.81
2026-04-05 06:00:00;0.0;8791.67
2026-04-05 06:15:00;0.61;8818.5
2026-04-05 06:30:00;9.3;8844.75
2026-04-05 06:45:00;62.06;8902.12
2026-04-05 07:00:00;250.25;8872.52
2026-04-05 07:15:00;531.13;8892.04
2026-04-05 07:30:00;858.37;8949.19
2026-04-05 07:45:00;1227.06;8819.37
2026-04-05 08:00:00;1683.24;8916.11
2026-04-05 08:15:00;2127.62;8873.16
2026-04-05 08:30:00;2635.48;8529.55
2026-04-05 08:45:00;3184.02;8240.73
2026-04-05 09:00:00;3788.96;8285.07
2026-04-05 09:15:00;4313.51;8106.96
2026-04-05 09:30:00;4707.55;7797.71
2026-04-05 09:45:00;5138.01;7333.92
2026-04-05 10:00:00;5555.9;6474.04
2026-04-05 10:15:00;5961.48;6007.44
2026-04-05 10:30:00;6358.85;5534.43
2026-04-05 10:45:00;6714.43;5150.68
2026-04-05 11:00:00;7105.3;4968.16
2026-04-05 11:15:00;7296.71;4658.7
2026-04-05 11:30:00;7570.4;4257.58
2026-04-05 11:45:00;7764.08;4034.51
2026-04-05 12:00:00;7917.1;3578.65
2026-04-05 12:15:00;8090.36;3186.78
2026-04-05 12:30:00;8249.32;2880.62
2026-04-05 12:45:00;8264.01;2651.89
2026-04-05 13:00:00;8210.41;2461.89
2026-04-05 13:15:00;8159.93;2376.67
2026-04-05 13:30:00;8026.32;2237.32
2026-04-05 13:45:00;7882.45;2180.77
2026-04-05 14:00:00;7777.82;2265.68
2026-04-05 14:15:00;7580.6;2255.54
2026-04-05 14:30:00;7372.57;2288.94
2026-04-05 14:45:00;7141.56;2356.06
2026-04-05 15:00:00;6921.2;2510.73
2026-04-05 15:15:00;6512.51;2771.46
2026-04-05 15:30:00;6165.74;2746.94
2026-04-05 15:45:00;5730.43;2983.23
2026-04-05 16:00:00;5326.33;3365.32
2026-04-05 16:15:00;4834.09;3813.16
2026-04-05 16:30:00;4245.8;4642.57
2026-04-05 16:45:00;3856.74;5518.93
2026-04-05 17:00:00;3285.25;6407.46
2026-04-05 17:15:00;2830.02;7030.59
2026-04-05 17:30:00;2427.59;7495.35
2026-04-05 17:45:00;2068.04;7743.69
2026-04-05 18:00:00;1673.64;7841.18
2026-04-05 18:15:00;1298.1;7957.43
2026-04-05 18:30:00;1016.97;8333.51
2026-04-05 18:45:00;748.81;8178.5
2026-04-05 19:00:00;508.32;8422.97
2026-04-05 19:15:00;279.18;8288.82
2026-04-05 19:30:00;109.63;8044.84
2026-04-05 19:45:00;27.39;8013.12
2026-04-05 20:00:00;6.03;7844.52
2026-04-05 20:15:00;2.54;7653.15
2026-04-05 20:30:00;0.0;7547.21
2026-04-05 20:45:00;0.0;7666.06
2026-04-05 21:00:00;0.0;7647.86
2026-04-05 21:15:00;0.0;7465.29
2026-04-05 21:30:00;0.0;7529.37
2026-04-05 21:45:00;0.0;7605.6
2026-04-05 22:00:00;0.0;7479.23
2026-04-05 22:15:00;0.0;7488.3
2026-04-05 22:30:00;0.0;7544.64
2026-04-05 22:45:00;0.0;7493.93
2026-04-05 23:00:00;0.0;7450.18
2026-04-05 23:15:00;0.0;7391.24
2026-04-05 23:30:00;0.0;7261.46
2026-04-05 23:45:00;0.0;7165.66
2026-04-06 00:00:00;0.0;7275.68
2026-04-06 00:15:00;0.0;7336.75
2026-04-06 00:30:00;0.0;7231.68
2026-04-06 00:45:00;0.0;7254.38
2026-04-06 01:00:00;0.0;7247.51
2026-04-06 01:15:00;0.0;7171.04
2026-04-06 01:30:00;0.0;7203.62
2026-04-06 01:45:00;0.0;7104.27
2026-04-06 02:00:00;0.0;6945.93
2026-04-06 02:15:00;0.0;6848.91
2026-04-06 02:30:00;0.0;6807.61
2026-04-06 02:45:00;0.0;6774.8
2026-04-06 03:00:00;0.0;6816.42
2026-04-06 03:15:00;0.0;6780.86
2026-04-06 03:30:00;0.0;6757.58
2026-04-06 03:45:00;0.0;6709.46
2026-04-06 04:00:00;0.0;6516.03
2026-04-06 04:15:00;0.0;6445.7
2026-04-06 04:30:00;0.0;6367.05
2026-04-06 04:45:00;0.0;6238.68
2026-04-06 05:00:00;0.0;6244.63
2026-04-06 05:15:00;0.0;6254.61
2026-04-06 05:30:00;0.0;6086.9
2026-04-06 05:45:00;0.0;6123.83
2026-04-06 06:00:00;0.0;6249.2
2026-04-06 06:15:00;0.76;6223.0
2026-04-06 06:30:00;11.38;6174.91
2026-04-06 06:45:00;77.19;6095.69
2026-04-06 07:00:00;295.61;5969.72
2026-04-06 07:15:00;657.7;5654.87
2026-04-06 07:30:00;1137.83;5553.58
2026-04-06 07:45:00;1767.51;5470.41
2026-04-06 08:00:00;2330.67;4971.17
2026-04-06 08:15:00;2965.72;4719.95
2026-04-06 08:30:00;3640.23;4488.95
2026-04-06 08:45:00;4323.84;4265.85
2026-04-06 09:00:00;4983.2;4180.7
2026-04-06 09:15:00;5709.38;4175.89
2026-04-06 09:30:00;6249.94;4164.78
2026-04-06 09:45:00;6908.46;4153.39
2026-04-06 10:00:00;7622.72;4134.08
2026-04-06 10:15:00;8131.62;3971.92
2026-04-06 10:30:00;8535.69;3758.2
2026-04-06 10:45:00;8968.05;3296.16
2026-04-06 11:00:00;9366.68;2933.42
2026-04-06 11:15:00;9669.59;2693.73
2026-04-06 11:30:00;9815.54;2306.01
2026-04-06 11:45:00;9930.75;1992.85
2026-04-06 12:00:00;10002.42;1837.51
2026-04-06 12:15:00;9993.77;1559.97
2026-04-06 12:30:00;10012.09;1368.35
2026-04-06 12:45:00;9991.18;1253.9
2026-04-06 13:00:00;9965.48;1167.96
2026-04-06 13:15:00;9884.99;1045.06
2026-04-06 13:30:00;9776.33;1008.45
2026-04-06 13:45:00;9741.52;953.47
2026-04-06 14:00:00;9603.18;1003.83
2026-04-06 14:15:00;9539.34;994.15
2026-04-06 14:30:00;9283.73;951.69
2026-04-06 14:45:00;9070.23;933.64
2026-04-06 15:00:00;8702.64;914.91
2026-04-06 15:15:00;8518.52;914.14
2026-04-06 15:30:00;8466.76;1053.93
2026-04-06 15:45:00;8020.99;1357.29
2026-04-06 16:00:00;7912.1;1718.32
2026-04-06 16:15:00;7605.43;1985.81
2026-04-06 16:30:00;7313.5;2143.52
2026-04-06 16:45:00;6845.51;2381.86
2026-04-06 17:00:00;6074.81;2910.22
2026-04-06 17:15:00;5470.13;3443.69
2026-04-06 17:30:00;4756.05;3724.89
2026-04-06 17:45:00;4156.13;4007.29
2026-04-06 18:00:00;3714.99;4222.26
2026-04-06 18:15:00;2909.54;4430.24
2026-04-06 18:30:00;2163.12;4558.89
2026-04-06 18:45:00;1481.07;4495.75
2026-04-06 19:00:00;918.81;4165.59
2026-04-06 19:15:00;490.75;3860.94
2026-04-06 19:30:00;217.71;3681.83
2026-04-06 19:45:00;71.63;3582.79
2026-04-06 20:00:00;13.43;3398.68
2026-04-06 20:15:00;4.76;3289.22
2026-04-06 20:30:00;0.0;3259.6
2026-04-06 20:45:00;0.0;3227.74
2026-04-06 21:00:00;0.0;3231.9
2026-04-06 21:15:00;0.0;3268.4
2026-04-06 21:30:00;0.0;3253.37
2026-04-06 21:45:00;0.0;3253.28
2026-04-06 22:00:00;0.0;3206.37
2026-04-06 22:15:00;0.0;3252.21
2026-04-06 22:30:00;0.0;3243.77
2026-04-06 22:45:00;0.0;3236.02
2026-04-06 23:00:00;0.0;3214.12
2026-04-06 23:15:00;0.0;3191.16
2026-04-06 23:30:00;0.0;3137.5
2026-04-06 23:45:00;0.0;3096.64
2026-04-07 00:00:00;0.0;3081.07
2026-04-07 00:15:00;0.0;3055.27
2026-04-07 00:30:00;0.0;3027.19
2026-04-07 00:45:00;0.0;3002.4
2026-04-07 01:00:00;0.0;2980.07
2026-04-07 01:15:00;0.0;2968.09
2026-04-07 01:30:00;0.0;2970.51
2026-04-07 01:45:00;0.0;2964.93
2026-04-07 02:00:00;0.0;2962.08
2026-04-07 02:15:00;0.0;2982.31
2026-04-07 02:30:00;0.0;2946.25
2026-04-07 02:45:00;0.0;2897.79
2026-04-07 03:00:00;0.0;2861.51
2026-04-07 03:15:00;0.0;2798.26
2026-04-07 03:30:00;0.0;2709.19
2026-04-07 03:45:00;0.0;2668.12
2026-04-07 04:00:00;0.0;2675.33
2026-04-07 04:15:00;0.0;2666.48
2026-04-07 04:30:00;0.0;2664.06
2026-04-07 04:45:00;0.0;2639.32
2026-04-07 05:00:00;0.0;2602.17
2026-04-07 05:15:00;0.0;2563.54
2026-04-07 05:30:00;0.0;2561.33
2026-04-07 05:45:00;0.0;2574.06
2026-04-07 06:00:00;0.0;2582.63
2026-04-07 06:15:00;1.38;2535.7
2026-04-07 06:30:00;15.55;2492.43
2026-04-07 06:45:00;101.32;2446.8
2026-04-07 07:00:00;382.41;2358.76
2026-04-07 07:15:00;799.78;2279.14
2026-04-07 07:30:00;1325.07;2226.36
2026-04-07 07:45:00;1962.59;2132.56
2026-04-07 08:00:00;2676.99;2052.57
2026-04-07 08:15:00;3512.18;1955.95
2026-04-07 08:30:00;4348.37;1866.08
2026-04-07 08:45:00;5175.38;1806.29
2026-04-07 09:00:00;6118.38;1765.53
2026-04-07 09:15:00;6972.07;1712.56
2026-04-07 09:30:00;7798.97;1653.57
2026-04-07 09:45:00;8646.96;1609.95
2026-04-07 10:00:00;9314.75;1553.09
2026-04-07 10:15:00;9998.3;1470.87
2026-04-07 10:30:00;10675.25;1414.69
2026-04-07 10:45:00;11214.27;1321.27
2026-04-07 11:00:00;11749.59;1268.15
2026-04-07 11:15:00;12130.68;1196.88
2026-04-07 11:30:00;12425.46;1122.51
2026-04-07 11:45:00;12703.65;1096.61
2026-04-07 12:00:00;12779.51;1108.96
2026-04-07 12:15:00;12824.56;1073.35
2026-04-07 12:30:00;12867.92;1005.93
2026-04-07 12:45:00;12841.98;951.2
2026-04-07 13:00:00;13006.77;940.89
2026-04-07 13:15:00;12822.55;871.29
2026-04-07 13:30:00;12737.25;830.11
2026-04-07 13:45:00;12588.73;793.36
2026-04-07 14:00:00;12329.99;751.68
2026-04-07 14:15:00;12241.72;759.67
2026-04-07 14:30:00;11990.25;790.93
2026-04-07 14:45:00;11756.21;817.56
2026-04-07 15:00:00;11414.96;834.28
2026-04-07 15:15:00;11023.55;844.33
2026-04-07 15:30:00;10846.59;938.74
2026-04-07 15:45:00;10427.81;1031.82
2026-04-07 16:00:00;9985.7;1030.08
2026-04-07 16:15:00;9510.7;1061.85
2026-04-07 16:30:00;8971.33;1088.03
2026-04-07 16:45:00;8342.21;1106.58
2026-04-07 17:00:00;7537.33;1145.27
2026-04-07 17:15:00;6860.05;1253.23
2026-04-07 17:30:00;5984.89;1357.42
2026-04-07 17:45:00;5051.78;1387.27
2026-04-07 18:00:00;4125.85;1369.26
2026-04-07 18:15:00;3245.71;1357.96
2026-04-07 18:30:00;2438.53;1342.38
2026-04-07 18:45:00;1702.12;1318.18
2026-04-07 19:00:00;1078.19;1303.35
2026-04-07 19:15:00;597.14;1322.18
2026-04-07 19:30:00;260.32;1380.91
2026-04-07 19:45:00;75.86;1507.28
2026-04-07 20:00:00;17.19;1628.34
2026-04-07 20:15:00;3.24;1760.64
2026-04-07 20:30:00;0.0;1957.06
2026-04-07 20:45:00;0.0;2181.19
2026-04-07 21:00:00;0.0;2365.61
2026-04-07 21:15:00;0.0;2506.65
2026-04-07 21:30:00;0.0;2632.71
2026-04-07 21:45:00;0.0;2755.21
2026-04-07 22:00:00;0.0;2800.29
2026-04-07 22:15:00;0.0;2892.19
2026-04-07 22:30:00;0.0;2997.86
2026-04-07 22:45:00;0.0;3087.96
2026-04-07 23:00:00;0.0;3138.46
2026-04-07 23:15:00;0.0;3179.62
2026-04-07 23:30:00;0.0;3198.94
2026-04-07 23:45:00;0.0;3255.45
2026-04-08 00:00:00;0.0;3309.08
2026-04-08 00:15:00;0.0;3312.52
2026-04-08 00:30:00;0.0;3318.99
2026-04-08 00:45:00;0.0;3339.79
2026-04-08 01:00:00;0.0;3362.83
2026-04-08 01:15:00;0.0;3332.29
2026-04-08 01:30:00;0.0;3310.51
2026-04-08 01:45:00;0.0;3261.39
2026-04-08 02:00:00;0.0;3181.49
2026-04-08 02:15:00;0.0;3073.52
2026-04-08 02:30:00;0.0;2963.59
2026-04-08 02:45:00;0.0;2893.77
2026-04-08 03:00:00;0.0;2819.09
2026-04-08 03:15:00;0.0;2739.04
2026-04-08 03:30:00;0.0;2654.89
2026-04-08 03:45:00;0.0;2605.49
2026-04-08 04:00:00;0.0;2554.88
2026-04-08 04:15:00;0.0;2510.35
2026-04-08 04:30:00;0.0;2454.43
2026-04-08 04:45:00;0.0;2363.79
2026-04-08 05:00:00;0.0;2268.0
2026-04-08 05:15:00;0.0;2203.02
2026-04-08 05:30:00;0.0;2115.75
2026-04-08 05:45:00;0.0;2030.58
2026-04-08 06:00:00;0.03;1976.8
2026-04-08 06:15:00;2.69;1927.14
2026-04-08 06:30:00;25.71;1881.03
2026-04-08 06:45:00;140.11;1824.16
2026-04-08 07:00:00;490.32;1758.35
2026-04-08 07:15:00;951.85;1690.39
2026-04-08 07:30:00;1540.56;1624.37
2026-04-08 07:45:00;2240.3;1542.35
2026-04-08 08:00:00;3024.03;1462.81
2026-04-08 08:15:00;3907.03;1348.68
2026-04-08 08:30:00;4850.61;1187.86
2026-04-08 08:45:00;5808.18;972.84
2026-04-08 09:00:00;6821.67;756.2
2026-04-08 09:15:00;7665.13;572.05
2026-04-08 09:30:00;8567.13;444.29
2026-04-08 09:45:00;9398.67;375.42
2026-04-08 10:00:00;10069.64;332.06
2026-04-08 10:15:00;10759.18;294.25
2026-04-08 10:30:00;11364.87;274.47
2026-04-08 10:45:00;11955.85;283.41
2026-04-08 11:00:00;12478.28;300.46
2026-04-08 11:15:00;12613.58;324.77
2026-04-08 11:30:00;12964.1;381.21
2026-04-08 11:45:00;13088.59;452.91
2026-04-08 12:00:00;13223.44;491.87
2026-04-08 12:15:00;13215.53;512.42
2026-04-08 12:30:00;13165.93;531.55
2026-04-08 12:45:00;13126.24;545.96
2026-04-08 13:00:00;13249.72;578.26
2026-04-08 13:15:00;13017.44;597.54
2026-04-08 13:30:00;12940.08;600.3
2026-04-08 13:45:00;12749.71;619.98
2026-04-08 14:00:00;12722.08;672.92
2026-04-08 14:15:00;12669.19;739.16
2026-04-08 14:30:00;12436.17;803.2
2026-04-08 14:45:00;12138.06;854.94
2026-04-08 15:00:00;11856.02;874.88
2026-04-08 15:15:00;11527.0;923.11
2026-04-08 15:30:00;11180.11;1033.76
2026-04-08 15:45:00;10793.45;1084.21
2026-04-08 16:00:00;10271.33;1169.49
2026-04-08 16:15:00;9758.34;1245.93
2026-04-08 16:30:00;9150.53;1252.65
2026-04-08 16:45:00;8443.91;1323.75
2026-04-08 17:00:00;7632.72;1366.85
2026-04-08 17:15:00;6728.25;1455.79
2026-04-08 17:30:00;5822.19;1546.36
2026-04-08 17:45:00;4855.09;1607.41
2026-04-08 18:00:00;3949.87;1671.04
2026-04-08 18:15:00;3078.5;1732.14
2026-04-08 18:30:00;2296.23;1794.88
2026-04-08 18:45:00;1629.12;1798.54
2026-04-08 19:00:00;1038.02;1835.7
2026-04-08 19:15:00;587.0;1850.24
2026-04-08 19:30:00;271.56;1931.28
2026-04-08 19:45:00;90.28;2145.19
2026-04-08 20:00:00;19.4;2336.3
2026-04-08 20:15:00;3.14;2549.28
2026-04-08 20:30:00;0.03;2835.27
2026-04-08 20:45:00;0.03;3119.21
2026-04-08 21:00:00;0.03;3378.02
2026-04-08 21:15:00;0.03;3577.55
2026-04-08 21:30:00;0.02;3742.88
2026-04-08 21:45:00;0.0;3868.65
2026-04-08 22:00:00;0.0;3924.16
2026-04-08 22:15:00;0.0;4005.56
2026-04-08 22:30:00;0.0;4043.72
2026-04-08 22:45:00;0.0;4132.17
2026-04-08 23:00:00;0.0;4224.09
2026-04-08 23:15:00;0.0;4306.14
2026-04-08 23:30:00;0.0;4348.51
2026-04-08 23:45:00;0.0;4328.09
2026-04-09 00:00:00;0.0;4317.48
2026-04-09 00:15:00;0.0;4351.12
2026-04-09 00:30:00;0.0;4371.89
2026-04-09 00:45:00;0.0;4324.44
2026-04-09 01:00:00;0.0;4289.83
2026-04-09 01:15:00;0.0;4255.16
2026-04-09 01:30:00;0.0;4224.57
2026-04-09 01:45:00;0.0;4183.95
2026-04-09 02:00:00;0.0;4182.69
2026-04-09 02:15:00;0.0;4187.99
2026-04-09 02:30:00;0.0;4164.44
2026-04-09 02:45:00;0.0;4102.48
2026-04-09 03:00:00;0.0;4019.05
2026-04-09 03:15:00;0.0;3957.59
2026-04-09 03:30:00;0.0;3932.3
2026-04-09 03:45:00;0.0;3902.31
2026-04-09 04:00:00;0.0;3874.71
2026-04-09 04:15:00;0.0;3862.38
2026-04-09 04:30:00;0.0;3837.39
2026-04-09 04:45:00;0.0;3799.9
2026-04-09 05:00:00;0.0;3776.78
2026-04-09 05:15:00;0.0;3789.82
2026-04-09 05:30:00;0.0;3744.66
2026-04-09 05:45:00;0.0;3691.74
2026-04-09 06:00:00;0.32;3715.22
2026-04-09 06:15:00;8.07;3632.04
2026-04-09 06:30:00;41.21;3589.98
2026-04-09 06:45:00;162.67;3565.03
2026-04-09 07:00:00;444.83;3491.6
2026-04-09 07:15:00;801.56;3313.82
2026-04-09 07:30:00;1236.34;3215.29
2026-04-09 07:45:00;1738.65;3126.7
2026-04-09 08:00:00;2329.23;2987.3
2026-04-09 08:15:00;2989.48;2839.61
2026-04-09 08:30:00;3758.89;2695.87
2026-04-09 08:45:00;4552.28;2500.02
2026-04-09 09:00:00;5423.28;2327.55
2026-04-09 09:15:00;6376.6;2177.98
2026-04-09 09:30:00;7131.36;2110.23
2026-04-09 09:45:00;7934.27;2072.68
2026-04-09 10:00:00;8715.07;2062.27
2026-04-09 10:15:00;9393.45;2029.38
2026-04-09 10:30:00;9999.93;1954.39
2026-04-09 10:45:00;10361.71;1921.02
2026-04-09 11:00:00;10871.82;2014.6
2026-04-09 11:15:00;11257.94;2003.94
2026-04-09 11:30:00;11560.39;2036.46
2026-04-09 11:45:00;11702.38;1997.54
2026-04-09 12:00:00;11659.2;2294.74
2026-04-09 12:15:00;11750.18;2313.34
2026-04-09 12:30:00;11857.84;2114.89
2026-04-09 12:45:00;11903.2;2137.62
2026-04-09 13:00:00;11908.77;2064.37
2026-04-09 13:15:00;11843.6;1999.27
2026-04-09 13:30:00;11696.37;1940.26
2026-04-09 13:45:00;11654.77;1869.95
2026-04-09 14:00:00;11535.46;1904.29
2026-04-09 14:15:00;11368.41;1908.66
2026-04-09 14:30:00;11169.45;1816.17
2026-04-09 14:45:00;10903.71;2002.7
2026-04-09 15:00:00;10580.08;2113.71
2026-04-09 15:15:00;10157.19;2310.86
2026-04-09 15:30:00;9758.56;2422.55
2026-04-09 15:45:00;9278.45;2448.15
2026-04-09 16:00:00;9072.96;2258.86
2026-04-09 16:15:00;8688.32;2367.6
2026-04-09 16:30:00;8063.99;2499.84
2026-04-09 16:45:00;7407.08;2585.54
2026-04-09 17:00:00;6649.6;2746.48
2026-04-09 17:15:00;5885.03;2860.43
2026-04-09 17:30:00;5119.12;2824.66
2026-04-09 17:45:00;4269.07;2821.05
2026-04-09 18:00:00;3426.77;2794.53
2026-04-09 18:15:00;2645.38;2875.62
2026-04-09 18:30:00;1954.45;2976.39
2026-04-09 18:45:00;1335.37;3097.39
2026-04-09 19:00:00;846.55;3181.57
2026-04-09 19:15:00;477.68;3313.34
2026-04-09 19:30:00;205.01;3553.57
2026-04-09 19:45:00;51.6;3786.27
2026-04-09 20:00:00;8.78;4016.7
2026-04-09 20:15:00;2.89;4270.07
2026-04-09 20:30:00;0.0;4495.47
2026-04-09 20:45:00;0.0;4696.7
2026-04-09 21:00:00;0.0;4852.32
2026-04-09 21:15:00;0.0;5004.99
2026-04-09 21:30:00;0.0;5221.28
2026-04-09 21:45:00;0.0;5378.26
2026-04-09 22:00:00;0.0;5320.12
2026-04-09 22:15:00;0.0;5444.05
2026-04-09 22:30:00;0.0;5553.67
2026-04-09 22:45:00;0.0;5534.52
2026-04-09 23:00:00;0.0;5540.7
2026-04-09 23:15:00;0.0;5619.87
2026-04-09 23:30:00;0.0;5740.51
2026-04-09 23:45:00;0.0;5878.64
2026-04-10 00:00:00;0.0;5930.02
2026-04-10 00:15:00;0.0;5880.44
2026-04-10 00:30:00;0.0;5896.77
2026-04-10 00:45:00;0.0;5946.79
2026-04-10 01:00:00;0.0;5986.53
2026-04-10 01:15:00;0.0;6017.36
2026-04-10 01:30:00;0.0;5974.82
2026-04-10 01:45:00;0.0;5979.52
2026-04-10 02:00:00;0.0;5982.24
2026-04-10 02:15:00;0.0;5847.7
2026-04-10 02:30:00;0.0;5790.67
2026-04-10 02:45:00;0.0;5812.82
2026-04-10 03:00:00;0.0;5837.36
2026-04-10 03:15:00;0.0;5882.12
2026-04-10 03:30:00;0.0;5975.29
2026-04-10 03:45:00;0.0;6063.23
2026-04-10 04:00:00;0.0;6003.96
2026-04-10 04:15:00;0.0;5977.7
2026-04-10 04:30:00;0.0;5760.95
2026-04-10 04:45:00;0.0;5608.14
2026-04-10 05:00:00;0.0;5626.94
2026-04-10 05:15:00;0.0;5751.01
2026-04-10 05:30:00;0.0;5934.94
2026-04-10 05:45:00;0.0;5848.41
2026-04-10 06:00:00;1.12;5692.48
2026-04-10 06:15:00;9.45;5571.94
2026-04-10 06:30:00;31.43;5533.73
2026-04-10 06:45:00;58.08;5527.69
2026-04-10 07:00:00;121.3;5509.34
2026-04-10 07:15:00;223.16;5377.29
2026-04-10 07:30:00;328.08;5091.82
2026-04-10 07:45:00;450.49;4819.96
2026-04-10 08:00:00;608.17;4486.77
2026-04-10 08:15:00;761.32;4252.2
2026-04-10 08:30:00;922.55;4017.3
2026-04-10 08:45:00;1121.87;3925.88
2026-04-10 09:00:00;1334.1;3847.36
2026-04-10 09:15:00;1597.75;3727.58
2026-04-10 09:30:00;1850.29;3677.68
2026-04-10 09:45:00;2117.29;3539.97
2026-04-10 10:00:00;2366.53;3401.65
2026-04-10 10:15:00;2626.02;3274.75
2026-04-10 10:30:00;2919.24;3051.07
2026-04-10 10:45:00;3194.97;2816.16
2026-04-10 11:00:00;3471.21;2590.87
2026-04-10 11:15:00;3735.56;2343.42
2026-04-10 11:30:00;4021.4;2095.65
2026-04-10 11:45:00;4294.63;1880.11
2026-04-10 12:00:00;4634.91;1659.83
2026-04-10 12:15:00;4941.71;1594.79
2026-04-10 12:30:00;5290.36;1539.9
2026-04-10 12:45:00;5499.48;1478.81
2026-04-10 13:00:00;5743.72;1446.99
2026-04-10 13:15:00;6010.17;1429.09
2026-04-10 13:30:00;6199.82;1417.02
2026-04-10 13:45:00;6383.49;1369.81
2026-04-10 14:00:00;6521.31;1353.25
2026-04-10 14:15:00;6663.15;1342.03
2026-04-10 14:30:00;6716.48;1362.25
2026-04-10 14:45:00;6645.36;1351.16
2026-04-10 15:00:00;6560.36;1345.63
2026-04-10 15:15:00;6486.81;1331.13
2026-04-10 15:30:00;6351.88;1355.38
2026-04-10 15:45:00;6076.94;1406.02
2026-04-10 16:00:00;5752.28;1397.39
2026-04-10 16:15:00;5417.4;1361.86
2026-04-10 16:30:00;5013.7;1295.62
2026-04-10 16:45:00;4585.48;1269.11
2026-04-10 17:00:00;4115.57;1205.03
2026-04-10 17:15:00;3648.74;1171.37
2026-04-10 17:30:00;3188.88;1114.12
2026-04-10 17:45:00;2741.6;1030.63
2026-04-10 18:00:00;2307.38;943.13
2026-04-10 18:15:00;1858.76;844.77
2026-04-10 18:30:00;1441.09;738.46
2026-04-10 18:45:00;1059.41;656.4
2026-04-10 19:00:00;723.48;609.99
2026-04-10 19:15:00;440.83;558.34
2026-04-10 19:30:00;218.76;512.46
2026-04-10 19:45:00;77.48;504.93
2026-04-10 20:00:00;18.26;514.04
2026-04-10 20:15:00;3.78;510.97
2026-04-10 20:30:00;2.07;533.27
2026-04-10 20:45:00;0.05;547.84
2026-04-10 21:00:00;0.05;536.62
2026-04-10 21:15:00;0.04;525.43
2026-04-10 21:30:00;0.04;523.27
2026-04-10 21:45:00;0.01;543.43
2026-04-10 22:00:00;0.01;573.77
2026-04-10 22:15:00;0.01;630.57
2026-04-10 22:30:00;0.01;685.51
2026-04-10 22:45:00;0.01;756.44
2026-04-10 23:00:00;0.01;821.51
2026-04-10 23:15:00;0.01;912.55
2026-04-10 23:30:00;0.01;1014.53
2026-04-10 23:45:00;0.01;1129.4
2026-04-11 00:00:00;0.01;1251.94
2026-04-11 00:15:00;0.0;1353.13
2026-04-11 00:30:00;0.0;1459.86
2026-04-11 00:45:00;0.0;1590.38
2026-04-11 01:00:00;0.0;1732.09
2026-04-11 01:15:00;0.0;1896.19
2026-04-11 01:30:00;0.0;2020.77
2026-04-11 01:45:00;0.0;2161.58
2026-04-11 02:00:00;0.0;2284.21
2026-04-11 02:15:00;0.0;2381.76
2026-04-11 02:30:00;0.0;2491.7
2026-04-11 02:45:00;0.0;2569.61
2026-04-11 03:00:00;0.0;2612.45
2026-04-11 03:15:00;0.0;2697.51
2026-04-11 03:30:00;0.0;2785.02
2026-04-11 03:45:00;0.0;2868.58
2026-04-11 04:00:00;0.0;2943.46
2026-04-11 04:15:00;0.0;2977.01
2026-04-11 04:30:00;0.0;3001.71
2026-04-11 04:45:00;0.0;3048.01
2026-04-11 05:00:00;0.0;3075.89
2026-04-11 05:15:00;0.0;3096.93
2026-04-11 05:30:00;0.0;3126.27
2026-04-11 05:45:00;0.0;3163.67
2026-04-11 06:00:00;0.24;3285.81
2026-04-11 06:15:00;5.61;3319.98
2026-04-11 06:30:00;47.17;3370.02
2026-04-11 06:45:00;220.74;3460.88
2026-04-11 07:00:00;536.96;3430.37
2026-04-11 07:15:00;921.37;3401.19
2026-04-11 07:30:00;1394.35;3439.46
2026-04-11 07:45:00;1935.23;3426.08
2026-04-11 08:00:00;2553.17;3344.24
2026-04-11 08:15:00;3230.51;3193.63
2026-04-11 08:30:00;3975.54;2994.82
2026-04-11 08:45:00;4748.31;2778.0
2026-04-11 09:00:00;5581.43;2544.92
2026-04-11 09:15:00;6457.23;2405.01
2026-04-11 09:30:00;7351.68;2340.69
2026-04-11 09:45:00;8176.0;2331.64
2026-04-11 10:00:00;8755.32;2307.95
2026-04-11 10:15:00;9444.21;2429.73
2026-04-11 10:30:00;9815.51;2443.47
2026-04-11 10:45:00;10271.95;2611.8
2026-04-11 11:00:00;10669.47;2609.51
2026-04-11 11:15:00;11027.99;2687.57
2026-04-11 11:30:00;11297.26;2673.34
2026-04-11 11:45:00;11281.55;2634.1
2026-04-11 12:00:00;11619.59;2543.96
2026-04-11 12:15:00;11806.47;2527.35
2026-04-11 12:30:00;11959.93;2410.33
2026-04-11 12:45:00;11935.38;2467.95
2026-04-11 13:00:00;11787.0;2424.3
2026-04-11 13:15:00;11725.22;2255.82
2026-04-11 13:30:00;11618.38;2269.26
2026-04-11 13:45:00;11449.66;2381.43
2026-04-11 14:00:00;11316.68;2639.2
2026-04-11 14:15:00;11078.95;2860.7
2026-04-11 14:30:00;10811.76;2858.2
2026-04-11 14:45:00;10463.97;2939.08
2026-04-11 15:00:00;10099.55;3381.36
2026-04-11 15:15:00;9663.66;3586.1
2026-04-11 15:30:00;9362.42;3806.97
2026-04-11 15:45:00;8864.11;4145.91
2026-04-11 16:00:00;8309.03;4619.63
2026-04-11 16:15:00;7706.45;4978.98
2026-04-11 16:30:00;7102.27;5362.19
2026-04-11 16:45:00;6292.54;5560.94
2026-04-11 17:00:00;5735.74;5790.93
2026-04-11 17:15:00;4945.13;5721.18
2026-04-11 17:30:00;4237.32;5857.74
2026-04-11 17:45:00;3526.55;6170.38
2026-04-11 18:00:00;2815.25;6122.73
2026-04-11 18:15:00;2127.23;6131.77
2026-04-11 18:30:00;1526.28;6061.14
2026-04-11 18:45:00;1041.47;5967.84
2026-04-11 19:00:00;646.3;6038.23
2026-04-11 19:15:00;350.95;5998.42
2026-04-11 19:30:00;153.03;6113.64
2026-04-11 19:45:00;40.91;6412.22
2026-04-11 20:00:00;8.12;6680.53
2026-04-11 20:15:00;3.64;6920.59
2026-04-11 20:30:00;2.06;7185.9
2026-04-11 20:45:00;0.05;7347.29
2026-04-11 21:00:00;0.05;7501.56
2026-04-11 21:15:00;0.05;7662.43
2026-04-11 21:30:00;0.04;7723.31
2026-04-11 21:45:00;0.0;7729.33
2026-04-11 22:00:00;0.0;7470.89
2026-04-11 22:15:00;0.0;7522.99
2026-04-11 22:30:00;0.0;7513.77
2026-04-11 22:45:00;0.0;7324.31
2026-04-11 23:00:00;0.0;7003.8
2026-04-11 23:15:00;0.0;6740.88
2026-04-11 23:30:00;0.0;6468.53
2026-04-11 23:45:00;0.0;6309.88
2026-04-12 00:00:00;0.0;6184.8
2026-04-12 00:15:00;0.0;6041.96
2026-04-12 00:30:00;0.0;5765.38
2026-04-12 00:45:00;0.0;5500.27
2026-04-12 01:00:00;0.0;5221.63
2026-04-12 01:15:00;0.0;4958.42
2026-04-12 01:30:00;0.0;4777.21
2026-04-12 01:45:00;0.0;4661.84
2026-04-12 02:00:00;0.0;4537.05
2026-04-12 02:15:00;0.0;4454.45
2026-04-12 02:30:00;0.0;4436.83
2026-04-12 02:45:00;0.0;4361.52
2026-04-12 03:00:00;0.0;4216.46
2026-04-12 03:15:00;0.0;4082.04
2026-04-12 03:30:00;0.0;3971.99
2026-04-12 03:45:00;0.0;3853.39
2026-04-12 04:00:00;0.0;3770.07
2026-04-12 04:15:00;0.0;3637.11
2026-04-12 04:30:00;0.0;3597.93
2026-04-12 04:45:00;0.0;3605.35
2026-04-12 05:00:00;0.0;3583.65
2026-04-12 05:15:00;0.0;3458.95
2026-04-12 05:30:00;0.0;3261.46
2026-04-12 05:45:00;0.0;3162.95
2026-04-12 06:00:00;0.3;3084.4
2026-04-12 06:15:00;3.84;2960.42
2026-04-12 06:30:00;8.86;2827.91
2026-04-12 06:45:00;47.22;2701.56
2026-04-12 07:00:00;159.66;2556.47
2026-04-12 07:15:00;319.48;2438.6
2026-04-12 07:30:00;509.24;2311.65
2026-04-12 07:45:00;731.66;2211.64
2026-04-12 08:00:00;961.99;2075.56
2026-04-12 08:15:00;1228.94;1910.49
2026-04-12 08:30:00;1503.63;1717.75
2026-04-12 08:45:00;1805.21;1555.83
2026-04-12 09:00:00;2084.74;1416.97
2026-04-12 09:15:00;2357.28;1312.12
2026-04-12 09:30:00;2649.69;1236.83
2026-04-12 09:45:00;2947.85;1147.91
2026-04-12 10:00:00;3253.6;1058.76
2026-04-12 10:15:00;3555.56;977.97
2026-04-12 10:30:00;3833.69;888.72
2026-04-12 10:45:00;4096.0;837.95
2026-04-12 11:00:00;4313.72;793.58
2026-04-12 11:15:00;4521.08;729.97
2026-04-12 11:30:00;4697.42;662.13
2026-04-12 11:45:00;4851.88;603.23
2026-04-12 12:00:00;5028.0;562.24
2026-04-12 12:15:00;5181.5;537.22
2026-04-12 12:30:00;5278.14;510.67
2026-04-12 12:45:00;5367.52;507.57
2026-04-12 13:00:00;5449.16;504.07
2026-04-12 13:15:00;5482.0;487.23
2026-04-12 13:30:00;5519.54;491.73
2026-04-12 13:45:00;5532.3;482.79
2026-04-12 14:00:00;5461.66;488.43
2026-04-12 14:15:00;5295.04;471.02
2026-04-12 14:30:00;5108.81;453.09
2026-04-12 14:45:00;4848.03;429.55
2026-04-12 15:00:00;4557.87;402.63
2026-04-12 15:15:00;4287.71;370.97
2026-04-12 15:30:00;4016.31;343.28
2026-04-12 15:45:00;3779.1;317.6
2026-04-12 16:00:00;3537.36;299.27
2026-04-12 16:15:00;3273.19;295.37
2026-04-12 16:30:00;2994.23;279.57
2026-04-12 16:45:00;2715.91;275.48
2026-04-12 17:00:00;2415.48;276.39
2026-04-12 17:15:00;2129.5;273.55
2026-04-12 17:30:00;1844.32;271.59
2026-04-12 17:45:00;1583.28;260.34
2026-04-12 18:00:00;1321.27;249.08
2026-04-12 18:15:00;1071.12;237.23
2026-04-12 18:30:00;837.97;241.96
2026-04-12 18:45:00;627.16;240.99
2026-04-12 19:00:00;438.85;253.53
2026-04-12 19:15:00;277.63;270.51
2026-04-12 19:30:00;148.52;304.86
2026-04-12 19:45:00;62.74;357.07
2026-04-12 20:00:00;19.68;386.0
2026-04-12 20:15:00;4.42;421.56
2026-04-12 20:30:00;2.33;466.65
2026-04-12 20:45:00;0.2;513.72
2026-04-12 21:00:00;0.18;568.24
2026-04-12 21:15:00;0.17;612.33
2026-04-12 21:30:00;0.16;661.67
2026-04-12 21:45:00;0.04;698.23
2026-04-12 22:00:00;0.04;713.19
2026-04-12 22:15:00;0.04;723.17
2026-04-12 22:30:00;0.04;751.98
2026-04-12 22:45:00;0.03;773.5
2026-04-12 23:00:00;0.03;780.63
2026-04-12 23:15:00;0.03;769.41
2026-04-12 23:30:00;0.03;762.91
2026-04-12 23:45:00;0.03;773.11
2026-04-13 00:00:00;0.03;780.11
2026-04-13 00:15:00;0.03;792.32
2026-04-13 00:30:00;0.03;790.5
2026-04-13 00:45:00;0.03;793.68
2026-04-13 01:00:00;0.02;780.53
2026-04-13 01:15:00;0.02;779.81
2026-04-13 01:30:00;0.0;792.53
2026-04-13 01:45:00;0.0;796.48
2026-04-13 02:00:00;0.0;801.35
2026-04-13 02:15:00;0.0;787.48
2026-04-13 02:30:00;0.0;764.43
2026-04-13 02:45:00;0.0;760.66
2026-04-13 03:00:00;0.0;761.04
2026-04-13 03:15:00;0.0;759.98
2026-04-13 03:30:00;0.0;765.23
2026-04-13 03:45:00;0.0;789.92
2026-04-13 04:00:00;0.0;820.03
2026-04-13 04:15:00;0.0;865.35
2026-04-13 04:30:00;0.0;906.04
2026-04-13 04:45:00;0.0;947.86
2026-04-13 05:00:00;0.0;985.0
2026-04-13 05:15:00;0.0;1063.94
2026-04-13 05:30:00;0.0;1157.73
2026-04-13 05:45:00;0.0;1209.69
2026-04-13 06:00:00;0.14;1307.11
2026-04-13 06:15:00;3.78;1358.8
2026-04-13 06:30:00;12.4;1393.27
2026-04-13 06:45:00;55.74;1440.15
2026-04-13 07:00:00;140.42;1486.08
2026-04-13 07:15:00;258.52;1523.16
2026-04-13 07:30:00;401.92;1571.49
2026-04-13 07:45:00;558.92;1602.87
2026-04-13 08:00:00;726.72;1639.68
2026-04-13 08:15:00;906.38;1617.85
2026-04-13 08:30:00;1093.72;1613.74
2026-04-13 08:45:00;1300.58;1600.27
2026-04-13 09:00:00;1515.56;1560.44
2026-04-13 09:15:00;1735.05;1484.07
2026-04-13 09:30:00;1964.37;1395.5
2026-04-13 09:45:00;2178.59;1348.16
2026-04-13 10:00:00;2411.02;1313.49
2026-04-13 10:15:00;2676.48;1320.01
2026-04-13 10:30:00;2938.57;1334.21
2026-04-13 10:45:00;3232.27;1337.83
2026-04-13 11:00:00;3494.68;1347.11
2026-04-13 11:15:00;3750.25;1369.99
2026-04-13 11:30:00;3982.09;1381.03
2026-04-13 11:45:00;4193.82;1423.98
2026-04-13 12:00:00;4379.94;1467.19
2026-04-13 12:15:00;4544.33;1497.29
2026-04-13 12:30:00;4678.62;1553.18
2026-04-13 12:45:00;4738.66;1583.04
2026-04-13 13:00:00;4778.1;1580.53
2026-04-13 13:15:00;4786.81;1586.03
2026-04-13 13:30:00;4724.73;1642.0
2026-04-13 13:45:00;4626.77;1725.27
2026-04-13 14:00:00;4509.17;1794.13
2026-04-13 14:15:00;4357.63;1813.45
2026-04-13 14:30:00;4174.59;1862.54
2026-04-13 14:45:00;3941.2;1881.92
2026-04-13 15:00:00;3715.17;1882.81
2026-04-13 15:15:00;3478.41;1879.15
2026-04-13 15:30:00;3228.16;1897.68
2026-04-13 15:45:00;2950.92;1906.19
2026-04-13 16:00:00;2690.65;1951.96
2026-04-13 16:15:00;2447.36;1972.22
2026-04-13 16:30:00;2205.26;2010.41
2026-04-13 16:45:00;1973.87;2070.48
2026-04-13 17:00:00;1746.05;2088.54
2026-04-13 17:15:00;1521.31;2083.81
2026-04-13 17:30:00;1297.31;2074.52
2026-04-13 17:45:00;1089.06;2109.83
2026-04-13 18:00:00;910.21;2154.92
2026-04-13 18:15:00;739.7;2166.33
2026-04-13 18:30:00;575.3;2187.77
2026-04-13 18:45:00;417.11;2234.0
2026-04-13 19:00:00;280.05;2253.5
2026-04-13 19:15:00;165.06;2264.92
2026-04-13 19:30:00;76.16;2293.91
2026-04-13 19:45:00;27.18;2338.24
2026-04-13 20:00:00;10.76;2393.47
2026-04-13 20:15:00;3.53;2453.98
2026-04-13 20:30:00;2.22;2515.37
2026-04-13 20:45:00;0.0;2563.42
2026-04-13 21:00:00;0.0;2616.66
2026-04-13 21:15:00;0.0;2657.64
2026-04-13 21:30:00;0.0;2655.11
2026-04-13 21:45:00;0.0;2631.6
2026-04-13 22:00:00;0.0;2541.65
2026-04-13 22:15:00;0.0;2527.47
2026-04-13 22:30:00;0.0;2459.75
2026-04-13 22:45:00;0.0;2413.72
2026-04-13 23:00:00;0.0;2357.74
2026-04-13 23:15:00;0.0;2311.62
2026-04-13 23:30:00;0.0;2259.82
2026-04-13 23:45:00;0.0;2209.59
2026-04-14 00:00:00;0.0;2166.41
2026-04-14 00:15:00;0.0;2130.54
2026-04-14 00:30:00;0.0;2090.24
2026-04-14 00:45:00;0.0;2068.53
2026-04-14 01:00:00;0.0;2071.2
2026-04-14 01:15:00;0.0;2080.53
2026-04-14 01:30:00;0.0;2067.7
2026-04-14 01:45:00;0.0;2061.23
2026-04-14 02:00:00;0.0;2043.12
2026-04-14 02:15:00;0.0;2028.82
2026-04-14 02:30:00;0.0;2027.99
2026-04-14 02:45:00;0.0;1995.8
2026-04-14 03:00:00;0.0;1983.6
2026-04-14 03:15:00;0.0;1950.56
2026-04-14 03:30:00;0.0;1924.16
2026-04-14 03:45:00;0.0;1899.98
2026-04-14 04:00:00;0.0;1896.92
2026-04-14 04:15:00;0.0;1858.89
2026-04-14 04:30:00;0.0;1812.77
2026-04-14 04:45:00;0.0;1772.61
2026-04-14 05:00:00;0.0;1759.34
2026-04-14 05:15:00;0.0;1779.1
2026-04-14 05:30:00;0.0;1811.18
2026-04-14 05:45:00;0.0;1838.41
2026-04-14 06:00:00;0.44;1838.0
2026-04-14 06:15:00;6.08;1821.39
2026-04-14 06:30:00;25.85;1831.04
2026-04-14 06:45:00;79.58;1810.36
2026-04-14 07:00:00;191.3;1754.24
2026-04-14 07:15:00;356.36;1704.45
2026-04-14 07:30:00;557.54;1668.19
2026-04-14 07:45:00;789.72;1623.09
2026-04-14 08:00:00;1055.48;1557.65
2026-04-14 08:15:00;1342.09;1488.57
2026-04-14 08:30:00;1670.24;1393.56
2026-04-14 08:45:00;1992.79;1333.67
2026-04-14 09:00:00;2357.25;1294.55
2026-04-14 09:15:00;2707.97;1237.26
2026-04-14 09:30:00;3096.98;1204.2
2026-04-14 09:45:00;3466.06;1178.2
2026-04-14 10:00:00;3837.37;1171.23
2026-04-14 10:15:00;4203.83;1157.83
2026-04-14 10:30:00;4542.31;1164.61
2026-04-14 10:45:00;4866.73;1181.28
2026-04-14 11:00:00;5177.09;1223.49
2026-04-14 11:15:00;5470.21;1294.58
2026-04-14 11:30:00;5719.64;1367.79
2026-04-14 11:45:00;5943.26;1406.3
2026-04-14 12:00:00;6131.13;1445.35
2026-04-14 12:15:00;6283.33;1511.08
2026-04-14 12:30:00;6380.86;1573.14
2026-04-14 12:45:00;6472.38;1593.09
2026-04-14 13:00:00;6518.37;1630.61
2026-04-14 13:15:00;6567.75;1654.17
2026-04-14 13:30:00;6567.18;1665.85
2026-04-14 13:45:00;6535.61;1671.12
2026-04-14 14:00:00;6492.97;1657.56
2026-04-14 14:15:00;6358.29;1626.17
2026-04-14 14:30:00;6195.73;1603.28
2026-04-14 14:45:00;6097.28;1559.43
2026-04-14 15:00:00;5878.34;1477.78
2026-04-14 15:15:00;5701.2;1401.13
2026-04-14 15:30:00;5465.99;1351.23
2026-04-14 15:45:00;5255.01;1299.6
2026-04-14 16:00:00;4968.3;1251.26
2026-04-14 16:15:00;4696.19;1208.43
2026-04-14 16:30:00;4377.4;1142.22
2026-04-14 16:45:00;4068.78;1100.38
2026-04-14 17:00:00;3727.81;1025.51
2026-04-14 17:15:00;3328.76;960.57
2026-04-14 17:30:00;2970.52;902.72
2026-04-14 17:45:00;2595.06;848.96
2026-04-14 18:00:00;2213.79;780.03
2026-04-14 18:15:00;1832.17;719.71
2026-04-14 18:30:00;1476.01;670.37
2026-04-14 18:45:00;1134.3;620.82
2026-04-14 19:00:00;825.43;557.58
2026-04-14 19:15:00;539.75;507.79
2026-04-14 19:30:00;314.99;479.65
2026-04-14 19:45:00;144.72;472.65
2026-04-14 20:00:00;43.42;480.11
2026-04-14 20:15:00;9.22;470.1
2026-04-14 20:30:00;3.85;466.11
2026-04-14 20:45:00;0.0;468.58
2026-04-14 21:00:00;0.0;487.14
2026-04-14 21:15:00;0.0;498.01
2026-04-14 21:30:00;0.0;509.04
2026-04-14 21:45:00;0.0;518.54
2026-04-14 22:00:00;0.0;523.64
2026-04-14 22:15:00;0.0;535.48
2026-04-14 22:30:00;0.0;534.63
2026-04-14 22:45:00;0.0;538.63
2026-04-14 23:00:00;0.0;541.53
2026-04-14 23:15:00;0.0;543.79
2026-04-14 23:30:00;0.0;564.6
2026-04-14 23:45:00;0.0;580.92
2026-04-15 00:00:00;0.0;588.36
2026-04-15 00:15:00;0.0;611.8
2026-04-15 00:30:00;0.0;618.33
2026-04-15 00:45:00;0.0;623.46
2026-04-15 01:00:00;0.0;633.06
2026-04-15 01:15:00;0.0;651.82
2026-04-15 01:30:00;0.0;680.01
2026-04-15 01:45:00;0.0;711.8
2026-04-15 02:00:00;0.0;752.57
2026-04-15 02:15:00;0.0;787.92
2026-04-15 02:30:00;0.0;831.25
2026-04-15 02:45:00;0.0;881.64
2026-04-15 03:00:00;0.0;918.37
2026-04-15 03:15:00;0.0;954.77
2026-04-15 03:30:00;0.0;990.88
2026-04-15 03:45:00;0.0;1011.75
2026-04-15 04:00:00;0.0;1023.25
2026-04-15 04:15:00;0.0;1037.22
2026-04-15 04:30:00;0.0;1046.86
2026-04-15 04:45:00;0.0;1050.66
2026-04-15 05:00:00;0.0;1049.93
2026-04-15 05:15:00;0.0;1052.92
2026-04-15 05:30:00;0.0;1074.52
2026-04-15 05:45:00;0.04;1099.14
2026-04-15 06:00:00;2.03;1127.4
2026-04-15 06:15:00;20.92;1152.33
2026-04-15 06:30:00;91.6;1171.51
2026-04-15 06:45:00;288.47;1188.17
2026-04-15 07:00:00;576.4;1156.79
2026-04-15 07:15:00;947.68;1130.12
2026-04-15 07:30:00;1398.35;1134.81
2026-04-15 07:45:00;1920.89;1148.37
2026-04-15 08:00:00;2506.08;1131.43
2026-04-15 08:15:00;3147.88;1092.01
2026-04-15 08:30:00;3810.11;1012.54
2026-04-15 08:45:00;4512.57;892.6
2026-04-15 09:00:00;5203.28;747.75
2026-04-15 09:15:00;5916.03;609.13
2026-04-15 09:30:00;6595.57;485.81
2026-04-15 09:45:00;7249.67;402.48
2026-04-15 10:00:00;7866.97;362.02
2026-04-15 10:15:00;8478.12;347.78
2026-04-15 10:30:00;9030.15;351.15
2026-04-15 10:45:00;9494.53;371.14
2026-04-15 11:00:00;9911.94;400.93
2026-04-15 11:15:00;10241.59;444.25
2026-04-15 11:30:00;10517.38;482.83
2026-04-15 11:45:00;10707.18;533.46
2026-04-15 12:00:00;10816.45;573.48
2026-04-15 12:15:00;10871.5;588.67
2026-04-15 12:30:00;10909.22;608.56
2026-04-15 12:45:00;10899.35;601.06
2026-04-15 13:00:00;10779.88;587.14
2026-04-15 13:15:00;10671.38;562.48
2026-04-15 13:30:00;10480.73;558.23
2026-04-15 13:45:00;10292.75;539.06
2026-04-15 14:00:00;10064.6;518.51
2026-04-15 14:15:00;9677.43;498.51
2026-04-15 14:30:00;9323.27;500.86
2026-04-15 14:45:00;8977.7;488.94
2026-04-15 15:00:00;8579.27;458.72
2026-04-15 15:15:00;8124.33;440.66
2026-04-15 15:30:00;7709.85;416.27
2026-04-15 15:45:00;7295.2;400.83
2026-04-15 16:00:00;6845.58;384.02
2026-04-15 16:15:00;6335.24;343.18
2026-04-15 16:30:00;5850.02;320.31
2026-04-15 16:45:00;5333.84;308.2
2026-04-15 17:00:00;4784.83;297.15
2026-04-15 17:15:00;4209.37;292.79
2026-04-15 17:30:00;3635.72;279.15
2026-04-15 17:45:00;3068.44;288.65
2026-04-15 18:00:00;2520.56;308.34
2026-04-15 18:15:00;2021.17;329.46
2026-04-15 18:30:00;1536.8;359.12
2026-04-15 18:45:00;1121.35;408.97
2026-04-15 19:00:00;766.94;451.58
2026-04-15 19:15:00;492.66;506.68
2026-04-15 19:30:00;268.45;568.56
2026-04-15 19:45:00;108.97;630.33
2026-04-15 20:00:00;33.25;699.69
2026-04-15 20:15:00;8.53;736.0
2026-04-15 20:30:00;3.65;768.9
2026-04-15 20:45:00;0.0;858.53
2026-04-15 21:00:00;0.0;953.26
2026-04-15 21:15:00;0.0;1050.14
2026-04-15 21:30:00;0.0;1143.76
2026-04-15 21:45:00;0.0;1236.12
2026-04-15 22:00:00;0.0;1313.6
2026-04-15 22:15:00;0.0;1391.22
2026-04-15 22:30:00;0.0;1468.83
2026-04-15 22:45:00;0.0;1541.33
2026-04-15 23:00:00;0.0;1604.78
2026-04-15 23:15:00;0.0;1665.52
2026-04-15 23:30:00;0.0;1697.52
2026-04-15 23:45:00;0.0;1743.74
2026-04-16 00:00:00;0.0;1763.17
2026-04-16 00:15:00;0.0;1787.74
2026-04-16 00:30:00;0.0;1811.47
2026-04-16 00:45:00;0.0;1797.82
2026-04-16 01:00:00;0.0;1785.77
2026-04-16 01:15:00;0.0;1793.86
2026-04-16 01:30:00;0.0;1783.87
2026-04-16 01:45:00;0.0;1772.69
2026-04-16 02:00:00;0.0;1768.31
2026-04-16 02:15:00;0.0;1752.71
2026-04-16 02:30:00;0.0;1738.52
2026-04-16 02:45:00;0.0;1728.82
2026-04-16 03:00:00;0.0;1713.99
2026-04-16 03:15:00;0.0;1714.04
2026-04-16 03:30:00;0.0;1687.12
2026-04-16 03:45:00;0.0;1656.4
2026-04-16 04:00:00;0.0;1590.98
2026-04-16 04:15:00;0.0;1545.95
2026-04-16 04:30:00;0.0;1519.11
2026-04-16 04:45:00;0.0;1500.36
2026-04-16 05:00:00;0.0;1466.0
2026-04-16 05:15:00;0.0;1416.53
2026-04-16 05:30:00;0.0;1379.01
2026-04-16 05:45:00;0.02;1354.98
2026-04-16 06:00:00;0.99;1347.29
2026-04-16 06:15:00;12.02;1342.78
2026-04-16 06:30:00;54.88;1359.73
2026-04-16 06:45:00;190.87;1379.01
2026-04-16 07:00:00;393.59;1359.02
2026-04-16 07:15:00;648.84;1337.31
2026-04-16 07:30:00;955.82;1306.8
2026-04-16 07:45:00;1306.74;1233.65
2026-04-16 08:00:00;1726.86;1154.0
2026-04-16 08:15:00;2210.94;1045.95
2026-04-16 08:30:00;2747.65;933.4
2026-04-16 08:45:00;3344.02;828.03
2026-04-16 09:00:00;4018.29;733.9
2026-04-16 09:15:00;4704.02;604.43
2026-04-16 09:30:00;5343.52;521.9
2026-04-16 09:45:00;5982.35;492.67
2026-04-16 10:00:00;6658.76;475.99
2026-04-16 10:15:00;7320.61;481.87
2026-04-16 10:30:00;7973.39;477.5
2026-04-16 10:45:00;8558.4;458.09
2026-04-16 11:00:00;9089.78;458.09
2026-04-16 11:15:00;9487.05;493.6
2026-04-16 11:30:00;9758.06;511.52
2026-04-16 11:45:00;9907.15;556.73
2026-04-16 12:00:00;10021.5;590.09
2026-04-16 12:15:00;10048.66;651.94
2026-04-16 12:30:00;9989.33;745.93
2026-04-16 12:45:00;9900.61;833.99
2026-04-16 13:00:00;9767.19;914.59
2026-04-16 13:15:00;9705.01;967.27
2026-04-16 13:30:00;9558.02;1037.18
2026-04-16 13:45:00;9489.25;1146.55
2026-04-16 14:00:00;9315.87;1233.6
2026-04-16 14:15:00;9125.35;1320.21
2026-04-16 14:30:00;8856.92;1364.36
2026-04-16 14:45:00;8617.93;1420.96
2026-04-16 15:00:00;8277.34;1481.71
2026-04-16 15:15:00;8030.15;1515.93
2026-04-16 15:30:00;7575.93;1547.82
2026-04-16 15:45:00;7205.41;1542.79
2026-04-16 16:00:00;6760.54;1519.74
2026-04-16 16:15:00;6286.91;1515.72
2026-04-16 16:30:00;5778.41;1504.87
2026-04-16 16:45:00;5354.92;1515.75
2026-04-16 17:00:00;4870.29;1505.87
2026-04-16 17:15:00;4407.72;1427.19
2026-04-16 17:30:00;3920.82;1346.69
2026-04-16 17:45:00;3451.15;1257.58
2026-04-16 18:00:00;2912.12;1188.13
2026-04-16 18:15:00;2410.11;1100.3
2026-04-16 18:30:00;1930.36;1013.66
2026-04-16 18:45:00;1471.56;928.44
2026-04-16 19:00:00;1064.03;854.67
2026-04-16 19:15:00;716.54;767.38
2026-04-16 19:30:00;420.17;693.65
2026-04-16 19:45:00;189.46;660.55
2026-04-16 20:00:00;54.1;641.25
2026-04-16 20:15:00;10.43;615.51
2026-04-16 20:30:00;3.32;591.34
2026-04-16 20:45:00;0.0;582.07
2026-04-16 21:00:00;0.0;585.88
2026-04-16 21:15:00;0.0;573.3
2026-04-16 21:30:00;0.0;567.16
2026-04-16 21:45:00;0.0;598.67
2026-04-16 22:00:00;0.0;620.43
2026-04-16 22:15:00;0.0;618.09
2026-04-16 22:30:00;0.0;591.59
2026-04-16 22:45:00;0.0;568.15
2026-04-16 23:00:00;0.0;580.46
2026-04-16 23:15:00;0.0;588.81
2026-04-16 23:30:00;0.0;579.6
2026-04-16 23:45:00;0.0;590.46
2026-04-17 00:00:00;0.0;599.18
2026-04-17 00:15:00;0.0;608.64
2026-04-17 00:30:00;0.0;615.68
2026-04-17 00:45:00;0.0;611.87
2026-04-17 01:00:00;0.0;603.41
2026-04-17 01:15:00;0.0;604.07
2026-04-17 01:30:00;0.0;607.87
2026-04-17 01:45:00;0.0;613.54
2026-04-17 02:00:00;0.0;610.7
2026-04-17 02:15:00;0.0;614.92
2026-04-17 02:30:00;0.0;617.85
2026-04-17 02:45:00;0.0;620.07
2026-04-17 03:00:00;0.0;626.52
2026-04-17 03:15:00;0.0;635.82
2026-04-17 03:30:00;0.0;641.68
2026-04-17 03:45:00;0.0;656.6
2026-04-17 04:00:00;0.0;670.2
2026-04-17 04:15:00;0.0;672.3
2026-04-17 04:30:00;0.0;680.09
2026-04-17 04:45:00;0.0;677.37
2026-04-17 05:00:00;0.0;679.95
2026-04-17 05:15:00;0.0;668.49
2026-04-17 05:30:00;0.0;664.19
2026-04-17 05:45:00;0.18;658.35
2026-04-17 06:00:00;4.19;667.95
2026-04-17 06:15:00;34.58;682.55
2026-04-17 06:30:00;163.25;718.24
2026-04-17 06:45:00;460.35;716.95
2026-04-17 07:00:00;823.59;724.42
2026-04-17 07:15:00;1296.04;714.08
2026-04-17 07:30:00;1860.98;704.53
2026-04-17 07:45:00;2501.14;691.91
2026-04-17 08:00:00;3222.31;648.95
2026-04-17 08:15:00;4001.13;577.89
2026-04-17 08:30:00;4806.16;491.9
2026-04-17 08:45:00;5633.2;417.79
2026-04-17 09:00:00;6465.44;339.87
2026-04-17 09:15:00;7297.6;275.09
2026-04-17 09:30:00;7955.36;217.15
2026-04-17 09:45:00;8656.61;189.38
2026-04-17 10:00:00;9282.84;175.82
2026-04-17 10:15:00;9868.26;169.29
2026-04-17 10:30:00;10412.96;163.97
2026-04-17 10:45:00;10917.81;168.58
2026-04-17 11:00:00;11312.15;174.38
2026-04-17 11:15:00;11633.22;185.84
2026-04-17 11:30:00;11832.37;193.15
2026-04-17 11:45:00;11942.59;195.15
2026-04-17 12:00:00;12053.79;198.7
2026-04-17 12:15:00;12150.96;210.95
2026-04-17 12:30:00;12106.4;214.48
2026-04-17 12:45:00;11989.19;212.87
2026-04-17 13:00:00;11958.44;214.54
2026-04-17 13:15:00;11788.29;216.24
2026-04-17 13:30:00;11624.89;214.3
2026-04-17 13:45:00;11383.63;226.52
2026-04-17 14:00:00;11159.18;214.68
2026-04-17 14:15:00;10867.06;216.81
2026-04-17 14:30:00;10569.81;222.72
2026-04-17 14:45:00;10261.79;234.56
2026-04-17 15:00:00;9803.37;227.65
2026-04-17 15:15:00;9391.89;225.55
2026-04-17 15:30:00;8956.26;228.43
2026-04-17 15:45:00;8638.08;253.41
2026-04-17 16:00:00;8224.86;283.52
2026-04-17 16:15:00;7702.09;299.15
2026-04-17 16:30:00;7156.64;305.0
2026-04-17 16:45:00;6542.83;320.15
2026-04-17 17:00:00;5938.06;337.12
2026-04-17 17:15:00;5273.59;360.08
2026-04-17 17:30:00;4611.02;377.15
2026-04-17 17:45:00;3944.27;411.02
2026-04-17 18:00:00;3300.19;463.19
2026-04-17 18:15:00;2651.39;518.02
2026-04-17 18:30:00;2061.88;579.77
2026-04-17 18:45:00;1543.51;640.39
2026-04-17 19:00:00;1093.23;727.65
2026-04-17 19:15:00;710.25;787.67
2026-04-17 19:30:00;410.5;867.66
2026-04-17 19:45:00;186.14;989.24
2026-04-17 20:00:00;64.27;1107.21
2026-04-17 20:15:00;17.66;1207.33
2026-04-17 20:30:00;3.73;1316.78
2026-04-17 20:45:00;0.04;1457.45
2026-04-17 21:00:00;0.02;1584.49
2026-04-17 21:15:00;0.02;1678.59
2026-04-17 21:30:00;0.02;1783.83
2026-04-17 21:45:00;0.02;1857.1
2026-04-17 22:00:00;0.0;1882.33
2026-04-17 22:15:00;0.0;1923.52
2026-04-17 22:30:00;0.0;1961.76
2026-04-17 22:45:00;0.0;1971.51
2026-04-17 23:00:00;0.0;1966.21
2026-04-17 23:15:00;0.0;1975.04
2026-04-17 23:30:00;0.0;1989.31
2026-04-17 23:45:00;0.0;1999.54
2026-04-18 00:00:00;0.0;1999.49
2026-04-18 00:15:00;0.0;2000.29
2026-04-18 00:30:00;0.0;1983.11
2026-04-18 00:45:00;0.0;1927.57
2026-04-18 01:00:00;0.0;1838.97
2026-04-18 01:15:00;0.0;1807.31
2026-04-18 01:30:00;0.0;1782.31
2026-04-18 01:45:00;0.0;1752.96
2026-04-18 02:00:00;0.0;1722.51
2026-04-18 02:15:00;0.0;1670.05
2026-04-18 02:30:00;0.0;1613.56
2026-04-18 02:45:00;0.0;1564.93
2026-04-18 03:00:00;0.0;1496.52
2026-04-18 03:15:00;0.0;1447.91
2026-04-18 03:30:00;0.0;1417.19
2026-04-18 03:45:00;0.0;1373.66
2026-04-18 04:00:00;0.0;1325.85
2026-04-18 04:15:00;0.0;1284.37
2026-04-18 04:30:00;0.0;1248.56
2026-04-18 04:45:00;0.0;1203.19
2026-04-18 05:00:00;0.0;1165.4
2026-04-18 05:15:00;0.0;1137.57
2026-04-18 05:30:00;0.0;1113.83
2026-04-18 05:45:00;0.58;1098.92
2026-04-18 06:00:00;9.28;1097.13
2026-04-18 06:15:00;49.04;1102.19
2026-04-18 06:30:00;171.51;1106.12
2026-04-18 06:45:00;412.83;1083.6
2026-04-18 07:00:00;706.7;1056.14
2026-04-18 07:15:00;1086.26;1031.61
2026-04-18 07:30:00;1543.17;988.86
2026-04-18 07:45:00;2071.78;933.66
2026-04-18 08:00:00;2654.69;852.73
2026-04-18 08:15:00;3297.46;746.97
2026-04-18 08:30:00;3986.59;633.46
2026-04-18 08:45:00;4715.65;528.13
2026-04-18 09:00:00;5378.78;421.09
2026-04-18 09:15:00;5950.81;349.45
2026-04-18 09:30:00;6606.21;290.36
2026-04-18 09:45:00;7257.55;237.89
2026-04-18 10:00:00;7722.74;216.85
2026-04-18 10:15:00;8273.69;204.74
2026-04-18 10:30:00;8837.79;198.85
2026-04-18 10:45:00;9311.47;199.19
2026-04-18 11:00:00;9789.77;202.87
2026-04-18 11:15:00;10152.75;212.7
2026-04-18 11:30:00;10336.65;241.17
2026-04-18 11:45:00;10582.04;303.93
2026-04-18 12:00:00;10606.0;366.9
2026-04-18 12:15:00;10473.44;398.06
2026-04-18 12:30:00;10425.39;418.27
2026-04-18 12:45:00;10281.47;427.63
2026-04-18 13:00:00;10146.52;455.35
2026-04-18 13:15:00;9848.85;487.23
2026-04-18 13:30:00;9546.54;547.54
2026-04-18 13:45:00;9139.74;593.02
2026-04-18 14:00:00;8697.58;626.36
2026-04-18 14:15:00;8216.69;643.04
2026-04-18 14:30:00;7768.75;661.58
2026-04-18 14:45:00;7386.3;695.44
2026-04-18 15:00:00;7062.08;730.45
2026-04-18 15:15:00;6647.46;747.76
2026-04-18 15:30:00;6202.8;762.28
2026-04-18 15:45:00;5779.29;771.38
2026-04-18 16:00:00;5350.43;784.8
2026-04-18 16:15:00;4914.18;797.07
2026-04-18 16:30:00;4459.71;822.35
2026-04-18 16:45:00;4028.22;810.77
2026-04-18 17:00:00;3666.47;813.46
2026-04-18 17:15:00;3291.43;808.88
2026-04-18 17:30:00;2911.32;816.58
2026-04-18 17:45:00;2499.99;807.09
2026-04-18 18:00:00;2089.49;850.62
2026-04-18 18:15:00;1711.25;870.26
2026-04-18 18:30:00;1341.55;913.28
2026-04-18 18:45:00;1010.97;924.96
2026-04-18 19:00:00;724.36;952.67
2026-04-18 19:15:00;480.71;977.27
2026-04-18 19:30:00;275.72;1005.87
2026-04-18 19:45:00;124.5;1015.92
2026-04-18 20:00:00;38.8;995.27
2026-04-18 20:15:00;9.73;972.91
2026-04-18 20:30:00;3.23;918.06
2026-04-18 20:45:00;0.03;946.32
2026-04-18 21:00:00;0.01;999.64
2026-04-18 21:15:00;0.01;1032.7
2026-04-18 21:30:00;0.01;1026.3
2026-04-18 21:45:00;0.01;1042.81
2026-04-18 22:00:00;0.0;1014.93
2026-04-18 22:15:00;0.0;1007.57
2026-04-18 22:30:00;0.0;978.31
2026-04-18 22:45:00;0.0;975.85
2026-04-18 23:00:00;0.0;961.14
2026-04-18 23:15:00;0.0;929.91
2026-04-18 23:30:00;0.0;892.97
2026-04-18 23:45:00;0.0;873.07
2026-04-19 00:00:00;0.0;855.94
2026-04-19 00:15:00;0.0;857.64
2026-04-19 00:30:00;0.0;831.78
2026-04-19 00:45:00;0.0;831.88
2026-04-19 01:00:00;0.0;861.59
2026-04-19 01:15:00;0.0;871.07
2026-04-19 01:30:00;0.0;871.81
2026-04-19 01:45:00;0.0;882.46
2026-04-19 02:00:00;0.0;861.42
2026-04-19 02:15:00;0.0;901.14
2026-04-19 02:30:00;0.0;920.87
2026-04-19 02:45:00;0.0;970.19
2026-04-19 03:00:00;0.0;1026.69
2026-04-19 03:15:00;0.0;1091.85
2026-04-19 03:30:00;0.0;1147.34
2026-04-19 03:45:00;0.0;1197.27
2026-04-19 04:00:00;0.0;1215.15
2026-04-19 04:15:00;0.0;1243.49
2026-04-19 04:30:00;0.0;1284.11
2026-04-19 04:45:00;0.0;1373.6
2026-04-19 05:00:00;0.0;1454.5
2026-04-19 05:15:00;0.0;1575.95
2026-04-19 05:30:00;0.0;1794.67
2026-04-19 05:45:00;0.18;1788.65
2026-04-19 06:00:00;6.51;1855.21
2026-04-19 06:15:00;30.98;1880.67
2026-04-19 06:30:00;117.56;1880.51
2026-04-19 06:45:00;263.3;1852.33
2026-04-19 07:00:00;441.6;1930.54
2026-04-19 07:15:00;644.22;2041.04
2026-04-19 07:30:00;877.25;2094.61
2026-04-19 07:45:00;1156.21;2169.0
2026-04-19 08:00:00;1458.72;2203.55
2026-04-19 08:15:00;1762.55;2216.24
2026-04-19 08:30:00;2084.83;2247.19
2026-04-19 08:45:00;2407.41;2266.5
2026-04-19 09:00:00;2765.18;2250.4
2026-04-19 09:15:00;3165.96;2216.71
2026-04-19 09:30:00;3548.93;2234.32
2026-04-19 09:45:00;3867.27;2194.72
2026-04-19 10:00:00;4089.59;2167.66
2026-04-19 10:15:00;4280.6;2139.78
2026-04-19 10:30:00;4512.18;2178.54
2026-04-19 10:45:00;4772.77;2252.21
2026-04-19 11:00:00;4916.0;2456.65
2026-04-19 11:15:00;4968.39;2560.07
2026-04-19 11:30:00;5110.99;2686.03
2026-04-19 11:45:00;5343.54;2775.62
2026-04-19 12:00:00;5522.92;2972.46
2026-04-19 12:15:00;5620.64;3118.52
2026-04-19 12:30:00;5831.83;3194.89
2026-04-19 12:45:00;5800.86;3363.97
2026-04-19 13:00:00;5843.24;3416.34
2026-04-19 13:15:00;5802.48;3464.98
2026-04-19 13:30:00;5666.49;3405.04
2026-04-19 13:45:00;5665.34;3560.19
2026-04-19 14:00:00;5629.0;3620.52
2026-04-19 14:15:00;5601.05;3740.76
2026-04-19 14:30:00;5562.44;3750.0
2026-04-19 14:45:00;5584.36;3862.6
2026-04-19 15:00:00;5514.08;3911.21
2026-04-19 15:15:00;5317.21;4097.87
2026-04-19 15:30:00;5234.07;4204.03
2026-04-19 15:45:00;5047.65;4279.6
2026-04-19 16:00:00;4943.89;4385.59
2026-04-19 16:15:00;4828.49;4643.01
2026-04-19 16:30:00;4645.34;4836.4
2026-04-19 16:45:00;4362.77;4917.83
2026-04-19 17:00:00;4047.07;5191.97
2026-04-19 17:15:00;3669.88;5483.94
2026-04-19 17:30:00;3322.63;5629.61
2026-04-19 17:45:00;2927.2;5706.5
2026-04-19 18:00:00;2535.66;5525.42
2026-04-19 18:15:00;2154.14;5522.26
2026-04-19 18:30:00;1710.57;5393.9
2026-04-19 18:45:00;1311.99;5254.82
2026-04-19 19:00:00;951.14;5154.03
2026-04-19 19:15:00;653.27;5061.56
2026-04-19 19:30:00;385.15;4937.69
2026-04-19 19:45:00;181.62;4844.01
2026-04-19 20:00:00;60.49;4764.4
2026-04-19 20:15:00;16.17;4692.57
2026-04-19 20:30:00;4.38;4538.3
2026-04-19 20:45:00;1.6;4370.57
2026-04-19 21:00:00;0.12;4343.06
2026-04-19 21:15:00;0.12;4272.05
2026-04-19 21:30:00;0.11;4245.88
2026-04-19 21:45:00;0.1;4246.93
2026-04-19 22:00:00;0.01;4189.64
2026-04-19 22:15:00;0.01;4204.42
2026-04-19 22:30:00;0.01;4253.64
2026-04-19 22:45:00;0.01;4311.58
2026-04-19 23:00:00;0.01;4367.28
2026-04-19 23:15:00;0.0;4347.53
2026-04-19 23:30:00;0.0;4326.84
2026-04-19 23:45:00;0.0;4292.97
